"Estadillo","lng","lat","ClaIFN3","SubclaseIFN3","ClaIFN4","SubclaseIFN4","IDCounty","County","Municipality","IDMunicipality","ProtectedArea","ProtectionStatus","PublicForest","Ownership","BoundMarkers","LegaDemarcated"
22,-4.898488,42.857966,"A","4","A","1",3405,"Guardo","Velilla del Río Carrión",34199,"","","Valdehaya","Ayto. de Velilla del Río Carrión","Sí","Sí"
23,-4.898212,42.848966,NA,NA,NA,NA,3405,"Guardo","Velilla del Río Carrión",34199,"","","Los Valles","E.L.M. de Valderrueda, E.L.M. de La Sota de Valderrueda","Sí","Sí"
24,-4.88538975,42.84937112,NA,NA,"A","1",3405,"Guardo","Velilla del Río Carrión",34199,"","","Valdehaya","Ayto. de Velilla del Río Carrión","Sí","Sí"
25,-4.861516,42.849569,"A","1",NA,NA,3405,"Guardo","Velilla del Río Carrión",34199,"Montaña Palentina","Parque Natural","Peña Lampas","Ayto. de Velilla del Río Carrión","Sí","Sí"
50,-4.56981941,42.92601198,NA,NA,"A","4",3406,"Cervera","Cervera de Pisuerga",34056,"Montaña Palentina","Parque Natural","Caldelaserias","E.L.M. de Resoba","No","No"
51,-4.54501,42.917313,"A","4","A","1",3406,"Cervera","Cervera de Pisuerga",34056,"Montaña Palentina","Parque Natural","Caldelaserias","E.L.M. de Resoba","No","No"
52,-4.777437,42.904935,"A","1","A","1",3405,"Guardo","Velilla del Río Carrión",34199,"Montaña Palentina","Parque Natural","Edillo","Ayto. de Velilla del Río Carrión","No","No"
53,-4.765193,42.905124,"A","1",NA,NA,3405,"Guardo","Velilla del Río Carrión",34199,"Montaña Palentina","Parque Natural","Edillo","Ayto. de Velilla del Río Carrión","No","No"
57,-4.569276,42.907978,"A","4C",NA,NA,3406,"Cervera","Cervera de Pisuerga",34056,"Montaña Palentina","Parque Natural","La Mata","E.L.M. de Resoba","No","No"
58,-4.72821,42.896684,"A","1",NA,NA,3405,"Guardo","Velilla del Río Carrión",34199,"Montaña Palentina","Parque Natural","Hoyos","Ayto. de Velilla del Río Carrión","No","No"
59,-4.715967,42.896868,"A","3E",NA,NA,3405,"Guardo","Velilla del Río Carrión",34199,"Montaña Palentina","Parque Natural","Hoyos","Ayto. de Velilla del Río Carrión","No","No"
60,-4.64260042,42.89766952,NA,NA,"A","1",3406,"Cervera","Cervera de Pisuerga",34056,"Montaña Palentina","Parque Natural","Canavigel","Ayto. de Cervera de Pisuerga","No","No"
62,-4.740199,42.887497,"A","4","A","1",3405,"Guardo","Velilla del Río Carrión",34199,"Montaña Palentina","Parque Natural","Valderinas","Ayto. de Velilla del Río Carrión","No","No"
67,-4.544335,42.890308,"A","1",NA,NA,3406,"Cervera","Cervera de Pisuerga",34056,"Montaña Palentina","Parque Natural","Los Bardales","E.L.M. de Resoba","Sí","Sí"
68,-4.85072573,42.87624031,NA,NA,"A","1",3405,"Guardo","Velilla del Río Carrión",34199,"Montaña Palentina","Parque Natural","Campana del Horno, Campana Cortina y Campana la Llana","Ayto. de Velilla del Río Carrión","No","No"
70,-4.764423,42.878121,NA,NA,NA,NA,3405,"Guardo","Velilla del Río Carrión",34199,"Montaña Palentina","Parque Natural","Canales","Ayto. de Velilla del Río Carrión","No","No"
71,-4.752185,42.878309,"A","1",NA,NA,3405,"Guardo","Velilla del Río Carrión",34199,"Montaña Palentina","Parque Natural","Valderinas","Ayto. de Velilla del Río Carrión","No","No"
73,-4.715468,42.878866,NA,NA,NA,NA,3405,"Guardo","Velilla del Río Carrión",34199,"Montaña Palentina","Parque Natural","Curianes","Ayto. de Velilla del Río Carrión","No","No"
77,-4.8501191,42.8678215,NA,NA,"A","4C",3405,"Guardo","Velilla del Río Carrión",34199,"Montaña Palentina","Parque Natural","Baldíos de Arbillos","Ayto. de Velilla del Río Carrión","Sí","No"
79,-4.764167,42.86912,"A","4","A","1",3405,"Guardo","Velilla del Río Carrión",34199,"Montaña Palentina","Parque Natural","Canales","Ayto. de Velilla del Río Carrión","No","No"
80,-4.75193,42.869308,"A","4","A","1",3405,"Guardo","Velilla del Río Carrión",34199,"Montaña Palentina","Parque Natural","Valderinas","Ayto. de Velilla del Río Carrión","No","No"
81,-4.715219,42.869864,NA,NA,NA,NA,3405,"Guardo","Velilla del Río Carrión",34199,"Montaña Palentina","Parque Natural","Cueto Palomo y Hornalejo","Ayto. de Velilla del Río Carrión","No","No"
82,-4.702981,42.870047,"A","4","A","1",3405,"Guardo","Velilla del Río Carrión",34199,"Montaña Palentina","Parque Natural","Cueto Palomo y Hornalejo","Ayto. de Velilla del Río Carrión","No","No"
89,-4.568364,42.871971,"A","4","A","1",3406,"Cervera","Cervera de Pisuerga",34056,"Montaña Palentina","Parque Natural","Celada y Montealegre","E.L.M. de Ventanilla","No","No"
91,-4.543886,42.872304,"A","1","A","1",3406,"Cervera","Cervera de Pisuerga",34056,"Montaña Palentina","Parque Natural","Celada y Montealegre","E.L.M. de Ventanilla","No","No"
92,-4.837318,42.858965,"A","1",NA,NA,3405,"Guardo","Velilla del Río Carrión",34199,"","","Baldíos de Arbillos","Ayto. de Velilla del Río Carrión","Sí","No"
93,-4.73944,42.860494,"A","1",NA,NA,3405,"Guardo","Velilla del Río Carrión",34199,"Montaña Palentina","Parque Natural","Cueto Palomo y Hornalejo","Ayto. de Velilla del Río Carrión","No","No"
95,-4.714969,42.860863,"A","4C",NA,NA,3405,"Guardo","Velilla del Río Carrión",34199,"Montaña Palentina","Parque Natural","Cueto Palomo y Hornalejo","Ayto. de Velilla del Río Carrión","No","No"
96,-4.702734,42.861046,"A","4",NA,NA,3405,"Guardo","Velilla del Río Carrión",34199,"Montaña Palentina","Parque Natural","Cueto Palomo y Hornalejo","Ayto. de Velilla del Río Carrión","No","No"
100,-4.604846,42.86246,NA,NA,NA,NA,3406,"Cervera","Cervera de Pisuerga",34056,"Montaña Palentina","Parque Natural","Dehesa del Monte","E.L.M. de San Martin de los Herreros","No","No"
102,-4.56755122,42.86262983,NA,NA,"A","1",3406,"Cervera","Cervera de Pisuerga",34056,"Montaña Palentina","Parque Natural","Celada y Montealegre","E.L.M. de Ventanilla","No","No"
103,-4.555899,42.863136,"A","3E","A","1",3406,"Cervera","Cervera de Pisuerga",34056,"Montaña Palentina","Parque Natural","Recuencos","E.L.M. de Ruesga","No","No"
104,-4.543662,42.863302,"A","4","A","1",3406,"Cervera","Cervera de Pisuerga",34056,"Montaña Palentina","Parque Natural","Recuencos","E.L.M. de Ruesga","No","No"
105,-4.849284,42.849767,"A","1",NA,NA,3405,"Guardo","Velilla del Río Carrión",34199,"","","Baldíos de Arbillos","Ayto. de Velilla del Río Carrión","Sí","No"
106,-4.837051,42.849964,"A","1",NA,NA,3405,"Guardo","Velilla del Río Carrión",34199,"","","Baldíos de Arbillos","Ayto. de Velilla del Río Carrión","Sí","No"
107,-4.751421,42.851306,"A","1",NA,NA,3405,"Guardo","Velilla del Río Carrión",34199,"Montaña Palentina","Parque Natural","La Mata","Ayto. de Velilla del Río Carrión","No","No"
108,-4.678019,42.852406,"A","1","A","1",3405,"Guardo","Santibáñez de la Peña",34171,"","","Peña Blanca, Fuente Vieja y Miranda Corcal","E.L.M. de Velilla de la Peña","No","No"
112,-4.689762,42.834223,"A","1",NA,NA,3405,"Guardo","Santibáñez de la Peña",34171,"","","Carpín de Montero y otros","E.L.M. de Villaverde de la Peña","No","No"
128,-4.496672,42.94497,"A","4","A","1",3406,"Cervera","Cervera de Pisuerga",34056,"Montaña Palentina","Parque Natural","Carracedo","Ayto. de Cervera de Pisuerga","No","No"
129,-4.484419,42.94513,"A","1",NA,NA,3406,"Cervera","Cervera de Pisuerga",34056,"Montaña Palentina","Parque Natural","La Loma y Ballabar","E.L.M. deVerdeña, E.L.M. de Estalaya","No","No"
144,-4.459274,42.918438,"A","1",NA,NA,3406,"Cervera","Cervera de Pisuerga",34056,"Montaña Palentina","Parque Natural","Montecillo y Quemado","E.L.M. de San Felices de Castilleria","No","No"
145,-4.447025,42.918594,"A","1",NA,NA,3406,"Cervera","Cervera de Pisuerga",34056,"Montaña Palentina","Parque Natural","Montecillo y Quemado","E.L.M. de San Felices de Castilleria","No","No"
146,-4.422528,42.918901,"A","4","A","1",3406,"Cervera","Cervera de Pisuerga",34056,"Montaña Palentina","Parque Natural","Montecillo y Quemado","E.L.M. de San Felices de Castilleria","No","No"
147,-4.410279,42.919053,"A","4","A","1",3406,"Cervera","Cervera de Pisuerga",34056,"Montaña Palentina","Parque Natural","Corisa","E.L.M. de Herreruela de Castilleria","No","No"
152,-4.4958,42.908962,"A","1",NA,NA,3406,"Cervera","Cervera de Pisuerga",34056,"Montaña Palentina","Parque Natural","Yesta (La)","E.L.M. de Vañes","No","No"
157,-4.275352,42.911631,"A","4","A","4",3407,"Aguilar","Barruelo de Santullán",34027,"","","La Dehesa","E.L.M. de Barruelo de Santullán","Sí","Sí"
159,-4.507827,42.899799,"A","1",NA,NA,3406,"Cervera","Cervera de Pisuerga",34056,"Montaña Palentina","Parque Natural","Barcena","E.L.M. de Arbejal","No","No"
163,-4.507608,42.890797,"A","4C",NA,NA,3406,"Cervera","Cervera de Pisuerga",34056,"Montaña Palentina","Parque Natural","Barcena","E.L.M. de Arbejal","No","No"
166,-4.27498,42.893625,"A","1",NA,NA,3407,"Aguilar","Barruelo de Santullán",34027,"","","La Sierra","E.L.M. de Porquera de Santullan","No","No"
169,-4.470666,42.882273,NA,NA,NA,NA,3406,"Cervera","Cervera de Pisuerga",34056,"Montaña Palentina","Parque Natural","Dehesa de Boyal","E.L.M. de Valsadornin","No","No"
170,-4.238067,42.885025,"A","3E","A","1",3407,"Aguilar","Aguilar de Campoo",34004,"Montaña Palentina","Parque Natural","Aguilar","Ayto. de Aguilar de Campoo","Sí","Sí"
177,-4.27461,42.875619,"A","4",NA,NA,3407,"Aguilar","Barruelo de Santullán",34027,"","","Mataespesa","E.L.M. de Cillamayor","No","No"
179,-4.237887,42.876022,"A","1",NA,NA,3407,"Aguilar","Aguilar de Campoo",34004,"","","El Soto","E.L.M. de Nestar","No","No"
182,-4.22554958,42.86718041,NA,NA,"A","1",3407,"Aguilar","Aguilar de Campoo",34004,"","","El Soto","E.L.M. de Nestar","No","No"
183,-4.518967,42.854627,"A","4",NA,NA,3406,"Cervera","Cervera de Pisuerga",34056,"Montaña Palentina","Parque Natural","La Robla","Ayto. de Cervera de Pisuerga","Sí","Sí"
189,-4.347466,42.847769,"A","1",NA,NA,3407,"Aguilar","Aguilar de Campoo",34004,"","","","","",""
191,-4.396202,42.83818,"A","3E",NA,NA,3406,"Cervera","Cervera de Pisuerga",34056,"","","Los Corros","E.L.M. de Barcenilla de Pisuerga","Sí","Sí"
192,-4.273869,42.839607,"A","1",NA,NA,3407,"Aguilar","Aguilar de Campoo",34004,"","","Mazuelas","E.L.M. de Matalbaniega","No","No"
195,-4.89692111,42.81307064,NA,NA,"A","1",3405,"Guardo","Guardo",34080,"","","Corcos y agregados","Ayto. de Guardo","Sí","Sí"
196,-4.884886,42.813167,"A","3E","A","1",3405,"Guardo","Guardo",34080,"","","Corcos y agregados","Ayto. de Guardo","Sí","Sí"
197,-4.884339,42.795166,"A","4","A","1",3405,"Guardo","Guardo",34080,"","","Corcos y agregados","Ayto. de Guardo","Sí","Sí"
199,-4.859357,42.777565,"A","3E","A","6C",3405,"Guardo","Guardo",34080,"","","","","",""
201,-4.871033,42.759364,"A","4",NA,NA,3405,"Guardo","Mantinos",34100,"","","Pedrosillo, Redondillo y Laguna","Ayto. de Mantinos","No","No"
202,-4.882975,42.750164,"A","1",NA,NA,3405,"Guardo","Mantinos",34100,"","","Páramo de la Mimbre","Ayto. de Mantinos","No","No"
204,-4.894913,42.740962,"A","3E","A","1",3405,"Guardo","Villalba de Guardo",34214,"","","Páramo del Otro Lado","Ayto. de Villalba de Guardo","No","No"
206,-4.870492,42.741363,"A","1",NA,NA,3405,"Guardo","Mantinos",34100,"","","Páramo de la Mimbre","Ayto. de Mantinos","No","No"
207,-4.894639,42.731961,"A","1",NA,NA,3405,"Guardo","Villalba de Guardo",34214,"","","Páramo del Otro Lado","Ayto. de Villalba de Guardo","No","No"
208,-4.88243,42.732163,"A","1",NA,NA,3405,"Guardo","Villalba de Guardo",34214,"","","Páramo del Otro Lado","Ayto. de Villalba de Guardo","No","No"
209,-4.882158,42.723162,"A","1",NA,NA,3405,"Guardo","Villalba de Guardo",34214,"","","Páramo del Otro Lado","Ayto. de Villalba de Guardo","No","No"
210,-4.881886,42.714161,"A","1",NA,NA,3405,"Guardo","Villalba de Guardo",34214,"","","Páramo del Otro Lado","Ayto. de Villalba de Guardo","No","No"
214,-4.86914,42.69636,"A","1",NA,NA,3405,"Guardo","Fresno del Río",34073,"","","El Soto","Ayto. de Fresno del Río","Sí","Sí"
216,-4.88107,42.68716,"A","1",NA,NA,3405,"Guardo","Fresno del Río",34073,"","","El Soto","Ayto. de Fresno del Río","Sí","Sí"
218,-4.856669,42.687558,"A","1",NA,NA,3405,"Guardo","Fresno del Río",34073,"","","El Soto","Ayto. de Fresno del Río","Sí","Sí"
220,-4.892724,42.668957,"A","1",NA,NA,3405,"Guardo","Fresno del Río",34073,"","","El Soto","Ayto. de Fresno del Río","Sí","Sí"
223,-4.835453,42.79596,NA,NA,NA,NA,3405,"Guardo","Guardo",34080,"","","Valdecastro","Ayto. de Guardo","Sí","Sí"
224,-4.786564,42.796734,"A","1",NA,NA,3405,"Guardo","Santibáñez de la Peña",34171,"","","Alto","E.L.M. de Villanueva de Arriba","Sí","Sí"
231,-4.602519,42.772443,"A","4",NA,NA,3406,"Cervera","Castrejón de la Peña",34049,"","","Ojascal","E.L.M. de Roscales de la Peña","Sí","Sí"
233,-4.54141932,42.77362686,NA,NA,"A","1",3406,"Cervera","Castrejónde la Peña",34049,"","","Indiviso","Ayto. de Castrejónde la Peña,E.L.M. de Villanueva de la Peña,E.L.M. de Traspeña de la Peña,E.L.M. de Cubillo de Castrejon,E.L.M. de Loma de Castrejon,E.L.M. de Recueva de la Peña,E.L.M. de Pison de Castrejon,E.L.M. de Castrejon de la Peña,E.L.M.","Sí","Sí"
235,-4.724451,42.761666,"A","1",NA,NA,3405,"Guardo","Respenda de la Peña",34151,"","","Arriba","E.L.M. de Fontecha de la Peña","No","No"
238,-4.565635,42.763948,"A","4",NA,NA,3406,"Cervera","Castrejónde la Peña",34049,"","","Indiviso","Ayto. de Castrejónde la Peña,E.L.M. de Villanueva de la Peña,E.L.M. de Traspeña de la Peña,E.L.M. de Cubillo de Castrejon,E.L.M. de Loma de Castrejon,E.L.M. de Recueva de la Peña,E.L.M. de Pison de Castrejon,E.L.M. de Castrejon de la Peña,","Sí","Sí"
239,-4.553418,42.764114,"A","4C","A","4",3406,"Cervera","Castrejónde la Peña",34049,"","","Indiviso","Ayto. de Castrejónde la Peña,E.L.M. de Villanueva de la Peña,E.L.M. de Traspeña de la Peña,E.L.M. de Cubillo de Castrejon,E.L.M. de Loma de Castrejon,E.L.M. de Recueva de la Peña,E.L.M. de Pison de Castrejon,E.L.M. de Castrejon de la Peña,","Sí","Sí"
240,-4.5412,42.76428,"A","4C",NA,NA,3406,"Cervera","Castrejónde la Peña",34049,"","","Indiviso","Ayto. de Castrejónde la Peña,E.L.M. de Villanueva de la Peña,E.L.M. de Traspeña de la Peña,E.L.M. de Cubillo de Castrejon,E.L.M. de Loma de Castrejon,E.L.M. de Recueva de la Peña,E.L.M. de Pison de Castrejon,E.L.M. de Castrejon de la Peña,","Sí","Sí"
243,-4.61427,42.754268,"A","1",NA,NA,3406,"Cervera","Castrejón de la Peña",34049,"","","Ojascal","E.L.M. de Roscales de la Peña","Sí","Sí"
244,-4.602055,42.754439,"A","3E",NA,NA,3406,"Cervera","Castrejónde la Peña",34049,"","","Ojascal","E.L.M. de Roscales de la Peña","Sí","Sí"
246,-4.577624,42.754778,"A","4","A","1",3406,"Cervera","Castrejón de la Peña",34049,"","","Alto","E.L.M. de Castrejon de la Peña","Sí","Sí"
247,-4.565409,42.754946,"A","4C","A","1",3406,"Cervera","Castrejónde la Peña",34049,"","","Indiviso","Ayto. de Castrejónde la Peña,E.L.M. de Villanueva de la Peña,E.L.M. de Traspeña de la Peña,E.L.M. de Cubillo de Castrejon,E.L.M. de Loma de Castrejon,E.L.M. de Recueva de la Peña,E.L.M. de Pison de Castrejon,E.L.M. de Castrejon de la Peña,","Sí","Sí"
248,-4.553193,42.755112,"A","4C","A","4",3406,"Cervera","Castrejónde la Peña",34049,"","","Indiviso","Ayto. de Castrejónde la Peña,E.L.M. de Villanueva de la Peña,E.L.M. de Traspeña de la Peña,E.L.M. de Cubillo de Castrejon,E.L.M. de Loma de Castrejon,E.L.M. de Recueva de la Peña,E.L.M. de Pison de Castrejon,E.L.M. de Castrejon de la Peña,","Sí","Sí"
249,-4.540977,42.755277,"A","4C","A","4",3404,"Boedo-Ojeda","Olmos de Ojeda",34114,"","","El Quiñon","E.L.M. de Castrejónde la Peña","No","No"
251,-4.785012,42.742728,"A","1",NA,NA,3405,"Guardo","Santibáñez de la Peña",34171,"","","Camporredondo","E.L.M. de Villanueva de Arriba, E.L.M. de Villaoliva de la Peña","No","No"
253,-4.687314,42.744209,"A","1",NA,NA,3405,"Guardo","Respenda de la Peña",34151,"","","Lomano","E.L.M. de Vega de Riacos","No","No"
254,-4.601823,42.745437,"A","4","A","1",3406,"Cervera","Castrejón de la Peña",34049,"","","Ojascal","E.L.M. de Roscales de la Peña","Sí","Sí"
256,-4.565182,42.745944,"A","4C",NA,NA,3406,"Cervera","Castrejónde la Peña",34049,"","","Indiviso","Ayto. de Castrejónde la Peña,E.L.M. de Villanueva de la Peña,E.L.M. de Traspeña de la Peña,E.L.M. de Cubillo de Castrejon,E.L.M. de Loma de Castrejon,E.L.M. de Recueva de la Peña,E.L.M. de Pison de Castrejon,E.L.M. de Castrejon de la Peña,","Sí","Sí"
258,-4.796964,42.733536,"A","4","A","1",3405,"Guardo","Santibáñez de la Peña",34171,"","","Páramo","E.L.M. de Cornon de la Peña","No","No"
261,-4.577167,42.736774,"A","4C","A","1",3406,"Cervera","Castrejónde la Peña",34049,"","","Indiviso","Ayto. de Castrejónde la Peña,E.L.M. de Villanueva de la Peña,E.L.M. de Traspeña de la Peña,E.L.M. de Cubillo de Castrejon,E.L.M. de Loma de Castrejon,E.L.M. de Recueva de la Peña,E.L.M. de Pison de Castrejon,E.L.M. de Castrejon de la Peña,","Sí","Sí"
262,-4.564956,42.736942,"A","4C","A","1",3406,"Cervera","Castrejónde la Peña",34049,"","","Indiviso","Ayto. de Castrejónde la Peña,E.L.M. de Villanueva de la Peña,E.L.M. de Traspeña de la Peña,E.L.M. de Cubillo de Castrejon,E.L.M. de Loma de Castrejon,E.L.M. de Recueva de la Peña,E.L.M. de Pison de Castrejon,E.L.M. de Castrejon de la Peña,","Sí","Sí"
263,-4.78452548,42.72484493,NA,NA,"A","1",3405,"Guardo","Respenda de la Peña",34151,"","","Pentinela y Valdemorata","E.L.M. de Fontecha","Sí","Sí"
264,-4.772288,42.724915,"A","1",NA,NA,3405,"Guardo","Respenda de la Peña",34151,"","","Pentinela y Valdemorata","E.L.M. de Fontecha","Sí","Sí"
265,-4.576939,42.727772,"A","1",NA,NA,3403,"Saldaña-Valdavia","Congosto de Valdavia",34062,"","","Indiviso","Ayto. de Congosto de Valdavia","No","No"
268,-4.759825,42.716103,"A","1",NA,NA,3405,"Guardo","Respenda de la Peña",34151,"","","Pentinela y Valdemorata","E.L.M. de Fontecha","Sí","Sí"
269,-4.576711,42.71877,"A","4",NA,NA,3403,"Saldaña-Valdavia","Congosto de Valdavia",34062,"","","Indiviso","Ayto. de Congosto de Valdavia","No","No"
270,-4.564503,42.718938,"A","1",NA,NA,3403,"Saldaña-Valdavia","La Puebla de Valdavia",34140,"","","Indiviso","Ayto. de Congosto de Valdavia","No","No"
271,-4.832798,42.705953,"A","3E","A","1",3405,"Guardo","Villalba de Guardo",34214,"","","Páramo del Otro Lado","Ayto. de Villalba de Guardo","No","No"
272,-4.771775,42.706913,"A","1",NA,NA,3405,"Guardo","Respenda de la Peña",34151,"","","Pentinela y Valdemorata","E.L.M. de Fontecha","Sí","Sí"
274,-4.747365,42.707288,"A","3E","A","1",3403,"Saldaña-Valdavia","Congosto de Valdavia",34062,"","","Valdemorata y Roscales","E.L.M. de Villanueva de Abajo","Sí","Sí"
276,-4.613103,42.709258,"A","4C",NA,NA,3403,"Saldaña-Valdavia","Congosto de Valdavia",34062,"","","Cotorro, Rebollón y Soto","Ayto. de Congosto de Valdavia","No","No"
279,-4.759316,42.6981,"A","1",NA,NA,3403,"Saldaña-Valdavia","Congosto de Valdavia",34062,"","","Valdemorata y Roscales","E.L.M. de Villanueva de Abajo","Sí","Sí"
284,-4.74686,42.689286,"A","1",NA,NA,3403,"Saldaña-Valdavia","Congosto de Valdavia",34062,"","","Valdemorata y Roscales","E.L.M. de Villanueva de Abajo","Sí","Sí"
285,-4.734659,42.689471,"A","1",NA,NA,3403,"Saldaña-Valdavia","Congosto de Valdavia",34062,"","","Valdemorata y Roscales","E.L.M. de Villanueva de Abajo","Sí","Sí"
286,-4.722457,42.689655,"A","4","A","1",3403,"Saldaña-Valdavia","Congosto de Valdavia",34062,"","","Valdemorata y Roscales","E.L.M. de Villanueva de Abajo","Sí","Sí"
288,-4.661447,42.690557,"A","1",NA,NA,3403,"Saldaña-Valdavia","Congosto de Valdavia",34062,"","","Roscales","E.L.M. de Cornoncillo","No","No"
289,-4.637042,42.690908,"A","1",NA,NA,3403,"Saldaña-Valdavia","Congosto de Valdavia",34062,"","","","","",""
291,-4.53947652,42.69218251,NA,NA,"A","1",3404,"Boedo-Ojeda","Báscones de Ojeda",34028,"","","Bostal","Ayto. de Báscones de Ojeda","Sí","Sí"
292,-4.758808,42.680098,"A","1",NA,NA,3403,"Saldaña-Valdavia","Ayuela",34020,"","","Bascarrión","Ayto. de Tabanera de Valdavia,Ayto. de Ayuela,E.L.M. de Villasur","No","No"
294,-4.734408,42.68047,"A","1",NA,NA,3403,"Saldaña-Valdavia","Congosto de Valdavia",34062,"","","Valdemorata y Roscales","E.L.M. de Villanueva de Abajo","Sí","Sí"
296,-4.710008,42.680837,"A","1",NA,NA,3403,"Saldaña-Valdavia","Congosto de Valdavia",34062,"","","Valdemorata y Roscales","E.L.M. de Villanueva de Abajo","Sí","Sí"
299,-4.795147,42.670529,"A","1",NA,NA,3403,"Saldaña-Valdavia","Pino del Río",34129,"","","Páramo del Este","E.L.M. de Pino del Rio","No","No"
300,-4.78295,42.670719,"A","1",NA,NA,3403,"Saldaña-Valdavia","Pino del Río",34129,"","","Páramo del Este","E.L.M. de Pino del Rio","No","No"
302,-4.746356,42.671283,"A","3E",NA,NA,3403,"Saldaña-Valdavia","Tabanera de Valdavia",34179,"","","Trasotero y Rabanillo","Ayto. de Tabanera de Valdavia","No","No"
304,-4.72196,42.671652,"A","1",NA,NA,3403,"Saldaña-Valdavia","Tabanera de Valdavia",34179,"","","El Coto y los Paules","Ayto. de Tabanera de Valdavia","Sí","Sí"
305,-4.70984871,42.67186295,NA,NA,"A","1",3403,"Saldaña-Valdavia","Tabanera de Valdavia",34179,"","","El Coto y los Paules","Ayto. de Tabanera de Valdavia","Sí","Sí"
306,-4.685364,42.672197,"A","3E","A","1",3403,"Saldaña-Valdavia","Buenavista de Valdavia",34037,"","","Santa María de la Vega","E.L.M. de Cornoncillo","No","No"
311,-4.575573,42.67376,"A","4",NA,NA,3403,"Saldaña-Valdavia","Buenavista de Valdavia",34037,"","","Valdemoro","Ayto. de La Puebla de Valdavia","Sí","Sí"
313,-4.518085,42.818619,"A","4C","A","1",3406,"Cervera","Dehesa de Montejo",34067,"","","Mata Alta","E.L.M. de Dehesa de Montejo","No","No"
319,-4.321844,42.794038,"A","1",NA,NA,3407,"Aguilar","Aguilar de Campoo",34004,"","","","","",""
320,-4.297395,42.794317,"A","1",NA,NA,3407,"Aguilar","Aguilar de Campoo",34004,"","","","","",""
321,-4.517205,42.78261,"A","1",NA,NA,3406,"Cervera","Dehesa de Montejo",34067,"","","Las Rozas","E.L.M. de Colmenares de Ojeda","No","No"
325,-4.516765,42.764606,"A","4C","A","1",3404,"Boedo-Ojeda","Olmos de Ojeda",34114,"","","Valparaíso","E.L.M. de Amayuelas de Ojeda","No","No"
326,-4.49233,42.764927,"A","3E",NA,NA,3404,"Boedo-Ojeda","Olmos de Ojeda",34114,"","","Allende","E.L.M. de Montoto de Ojeda","No","No"
327,-4.467894,42.765243,"A","1","A","1",3404,"Boedo-Ojeda","Olmos de Ojeda",34114,"","","Las Matas","Ayto. de Olmos de Ojeda","No","No"
330,-4.50433,42.755765,"A","1",NA,NA,3404,"Boedo-Ojeda","Olmos de Ojeda",34114,"","","Moyuelo","E.L.M. de Vega de Bur","No","No"
332,-4.479897,42.756083,"A","1",NA,NA,3404,"Boedo-Ojeda","Olmos de Ojeda",34114,"","","Moyuelo","E.L.M. de Vega de Bur","No","No"
333,-4.382164,42.757305,"A","4C","A","1",3407,"Aguilar","Aguilar de Campoo",34004,"","","","","",""
335,-4.516326,42.746601,"A","1",NA,NA,3404,"Boedo-Ojeda","Payo de Ojeda",34124,"","","","","",""
336,-4.491898,42.746922,"A","4",NA,NA,3404,"Boedo-Ojeda","Olmos de Ojeda",34114,"","","Moyuelo","E.L.M. de Vega de Bur","No","No"
339,-4.381964,42.748302,"A","1",NA,NA,3407,"Aguilar","Aguilar de Campoo",34004,"","","","","",""
341,-4.247591,42.749845,"A","1",NA,NA,3407,"Aguilar","Pomar de Valdivia",34135,"Las Tuerces","Paisaje Protegido","Las Tuerces, Campo del Pozo, Cuesta Aedo y La Loma","E.L.M. de Villaescusa de las Torres","No","No"
342,-4.406191,42.739002,"A","4C","A","1",3407,"Aguilar","Aguilar de Campoo",34004,"","","Valdemensur","Ayto. de Aguilar de Campoo","No","No"
343,-4.393978,42.739151,"A","4",NA,NA,3407,"Aguilar","Aguilar de Campoo",34004,"","","Valdemensur","Ayto. de Aguilar de Campoo","No","No"
344,-4.296268,42.740299,"A","4","A","1",3407,"Aguilar","Aguilar de Campoo",34004,"","","Cabadilla","E.L.M. de Olleros de Pisuerga","No","No"
346,-4.210767,42.741235,"A","4",NA,NA,3407,"Aguilar","Aguilar de Campoo",34004,"Las Tuerces","Paisaje Protegido","Castillo de Gama","Ayto. de Aguilar de Campoo","No","No"
351,-4.405581,42.711994,NA,NA,NA,NA,3404,"Boedo-Ojeda","Olmos de Ojeda",34114,"","","","","",""
353,-4.259079,42.713698,"A","1",NA,NA,3407,"Aguilar","Aguilar de Campoo",34004,"","","","","",""
355,-4.405378,42.702991,"A","4C","A","1",3404,"Boedo-Ojeda","Olmos de Ojeda",34114,"","","Valdelamora","E.L.M. de Moarves de Ojeda","No","No"
356,-4.28330905,42.704489,NA,NA,"A","4",3404,"Boedo-Ojeda","Alar del Rey",34005,"","","Allende","E.L.M. de Becerril del Carpio","No","No"
357,-4.271104,42.70456,"A","1",NA,NA,3404,"Boedo-Ojeda","Alar del Rey",34005,"","","Allende","E.L.M. de Becerril del Carpio","No","No"
358,-4.246689,42.704828,NA,NA,NA,NA,3407,"Aguilar","Aguilar de Campoo",34004,"","","","","",""
359,-4.319741,42.695004,"A","1","A","4",3404,"Boedo-Ojeda","Alar del Rey",34005,"","","La Hoya","E.L.M. de Becerril del Carpio","No","No"
361,-4.50259,42.683746,"A","1",NA,NA,3404,"Boedo-Ojeda","Micieces de Ojeda",34107,"","","Los Montecillos","Ayto. de Micieces de Ojeda","Sí","Sí"
362,-4.35616,42.685574,NA,NA,NA,NA,3404,"Boedo-Ojeda","Prádanos de Ojeda",34139,"","","El Carrascal","Ayto. de Prádanos de Ojeda","No","No"
364,-4.331754,42.68586,"A","4","A","1",3404,"Boedo-Ojeda","Prádanos de Ojeda",34139,"","","El Carrascal","Ayto. de Prádanos de Ojeda","No","No"
366,-4.295144,42.68628,"A","4",NA,NA,3404,"Boedo-Ojeda","Alar del Rey",34005,"","","La Cabrera","E.L.M. de Nogales de Pisuerga","No","No"
369,-4.294957,42.677277,"A","4","A","1",3404,"Boedo-Ojeda","Alar del Rey",34005,"","","Valdelagos","E.L.M. de Nogales de Pisuerga","No","No"
381,-4.892451,42.659957,"A","1",NA,NA,3405,"Guardo","Fresno del Río",34073,"","","El Soto","Ayto. de Fresno del Río","Sí","Sí"
383,-4.892178,42.650956,"A","4",NA,NA,3403,"Saldaña-Valdavia","Pino del Río",34129,"","","Páramo del Oeste","E.L.M. de Pino del Rio","No","No"
385,-4.891905,42.641955,"A","1","A","4",3403,"Saldaña-Valdavia","Villota del Páramo",34245,"","","Modorro","E.L.M. de Acera de la Vega","No","No"
387,-4.867522,42.642356,"A","1",NA,NA,3403,"Saldaña-Valdavia","Villota del Páramo",34245,"","","Modorro","E.L.M. de Acera de la Vega","No","No"
388,-4.891632,42.632955,"A","1","A","4",3403,"Saldaña-Valdavia","Villota del Páramo",34245,"","","Modorro","E.L.M. de Acera de la Vega","No","No"
389,-4.879442,42.633156,"A","1",NA,NA,3403,"Saldaña-Valdavia","Villota del Páramo",34245,"","","Modorro","E.L.M. de Acera de la Vega","No","No"
391,-4.855063,42.633553,NA,NA,"A","1",3403,"Saldaña-Valdavia","Villota del Páramo",34245,"","","Modorro","E.L.M. de Acera de la Vega","No","No"
392,-4.89115871,42.6236709,NA,NA,"A","1",3403,"Saldaña-Valdavia","Villota del Páramo",34245,"","","Modorro","E.L.M. de Acera de la Vega","No","No"
393,-4.879171,42.624155,"A","1",NA,NA,3403,"Saldaña-Valdavia","Villota del Páramo",34245,"","","Modorro","E.L.M. de Acera de la Vega","No","No"
394,-4.866984,42.624354,"A","1",NA,NA,3403,"Saldaña-Valdavia","Villota del Páramo",34245,"","","Modorro","E.L.M. de Acera de la Vega","No","No"
395,-4.891087,42.614953,"A","1",NA,NA,3403,"Saldaña-Valdavia","Villota del Páramo",34245,"","","","","",""
397,-4.866715,42.615353,NA,NA,NA,NA,3403,"Saldaña-Valdavia","Villota del Páramo",34245,"","","El Corco","C.A. de Castiilla y León","Sí","Sí"
399,-4.890814,42.605953,"A","1",NA,NA,3403,"Saldaña-Valdavia","Villota del Páramo",34245,"","","","","",""
400,-4.87863,42.606153,"A","4","A","1",3403,"Saldaña-Valdavia","Villota del Páramo",34245,"","","","","",""
401,-4.854261,42.60655,"A","1",NA,NA,3403,"Saldaña-Valdavia","Villota del Páramo",34245,"","","El Corco","C.A. de Castiilla y León","Sí","Sí"
406,-4.889998,42.578951,"A","1",NA,NA,3403,"Saldaña-Valdavia","Villota del Páramo",34245,"","","Páramo, Raigada y Sotillo","E.L.M. de San Andres de la Regla","No","No"
409,-4.876739,42.543148,"A","4","A","1",3403,"Saldaña-Valdavia","Villota del Páramo",34245,"","","La Cerra","Ayto. de Villota del Páramo","Sí","Sí"
410,-4.864567,42.543346,"A","4","A","1",3403,"Saldaña-Valdavia","Villota del Páramo",34245,"","","La Cerra","Ayto. de Villota del Páramo","Sí","Sí"
413,-4.888369,42.524946,"A","1",NA,NA,3403,"Saldaña-Valdavia","Villota del Páramo",34245,"","","Cerra de San Andrés","E.L.M. de San Andres de la Regla","No","No"
414,-4.864031,42.525344,"A","1",NA,NA,3403,"Saldaña-Valdavia","Villota del Páramo",34245,"","","La Cerra","Ayto. de Villota del Páramo","Sí","Sí"
415,-4.888098,42.515945,"A","1",NA,NA,3403,"Saldaña-Valdavia","Villota del Páramo",34245,"","","Cerra de San Andrés","E.L.M. de San Andres de la Regla","No","No"
417,-4.863496,42.507342,"A","4","A","1",3403,"Saldaña-Valdavia","Santervás de la Vega",34169,"","","Cerrillo","C.A. de Castiilla y León","No","No"
419,-4.672924,42.663374,"A","1",NA,NA,3403,"Saldaña-Valdavia","Buenavista de Valdavia",34037,"","","Santa María de la Vega","Ayto. de Buenavista de Valdavia","No","No"
420,-4.660727,42.663552,"A","3E","A","1",3403,"Saldaña-Valdavia","Buenavista de Valdavia",34037,"","","Rodiles","Ayto. de Buenavista de Valdavia","No","No"
422,-4.587543,42.66459,"A","1",NA,NA,3403,"Saldaña-Valdavia","Buenavista de Valdavia",34037,"","","Valdemoro","Ayto. de La Puebla de Valdavia","Sí","Sí"
423,-4.575345,42.664758,"A","1",NA,NA,3403,"Saldaña-Valdavia","Buenavista de Valdavia",34037,"","","Mayor","Ayto. de Buenavista de Valdavia","Sí","Sí"
426,-4.745852,42.65328,"A","3E",NA,NA,3403,"Saldaña-Valdavia","Pino del Río",34129,"","","Bascarrión","Ayto. de Tabanera de Valdavia,Ayto. de Ayuela,E.L.M. de Villasur","No","No"
428,-4.660488,42.65455,"A","1",NA,NA,3403,"Saldaña-Valdavia","Buenavista de Valdavia",34037,"","","Santa María de la Vega","Ayto. de Buenavista de Valdavia","No","No"
429,-4.623901,42.655075,"A","4",NA,NA,3403,"Saldaña-Valdavia","Buenavista de Valdavia",34037,"","","Rodiles","Ayto. de Buenavista de Valdavia","No","No"
430,-4.587314,42.655587,"A","1",NA,NA,3403,"Saldaña-Valdavia","Buenavista de Valdavia",34037,"","","Mayor","Ayto. de Buenavista de Valdavia","Sí","Sí"
432,-4.562922,42.655923,"A","1",NA,NA,3403,"Saldaña-Valdavia","Buenavista de Valdavia",34037,"","","Mayor","Ayto. de Buenavista de Valdavia","Sí","Sí"
434,-4.782178,42.643716,"A","3E","A","1",3403,"Saldaña-Valdavia","Pino del Río",34129,"","","Páramo del Este","E.L.M. de Pino del Rio","No","No"
435,-4.769986,42.643905,"A","1",NA,NA,3403,"Saldaña-Valdavia","Pino del Río",34129,"","","Páramo del Este","E.L.M. de Pino del Rio","No","No"
437,-4.7456,42.644279,"A","1",NA,NA,3403,"Saldaña-Valdavia","Pino del Río",34129,"","","Vallejas Traidoras","E.L.M. de Carbonera","No","No"
438,-4.733407,42.644464,"A","1",NA,NA,3403,"Saldaña-Valdavia","Ayuela",34020,"","","Bascarrión","Ayto. de Tabanera de Valdavia,Ayto. de Ayuela,E.L.M. de Villasur","No","No"
440,-4.587085,42.646585,"A","1",NA,NA,3403,"Saldaña-Valdavia","Buenavista de Valdavia",34037,"","","Mayor","Ayto. de Buenavista de Valdavia","Sí","Sí"
442,-4.794112,42.634524,NA,NA,"A","1",3403,"Saldaña-Valdavia","Pino del Río",34129,"","","","","",""
443,-4.781921,42.634714,"A","1",NA,NA,3403,"Saldaña-Valdavia","Pino del Río",34129,"","","Páramo del Este","E.L.M. de Pino del Rio","No","No"
444,-4.733158,42.635463,"A","4","A","1",3403,"Saldaña-Valdavia","Saldaña",34157,"","","Páramo y Majada","E.L.M. de Carbonera","Sí","Sí"
445,-4.684392,42.63619,"A","4","A","1",3403,"Saldaña-Valdavia","Tabanera de Valdavia",34179,"","","Reznalillos","Ayto. de Tabanera de Valdavia","No","No"
446,-4.647817,42.636722,"A","1",NA,NA,3403,"Saldaña-Valdavia","Buenavista de Valdavia",34037,"","","Rodiles","Ayto. de Buenavista de Valdavia","No","No"
447,-4.562471,42.637919,"A","1",NA,NA,3403,"Saldaña-Valdavia","Buenavista de Valdavia",34037,"","","El Cerrillo","E.L.M. de Polvorosa de Valdavia","Sí","Sí"
448,-4.550278,42.638084,"A","4","A","1",3403,"Saldaña-Valdavia","Buenavista de Valdavia",34037,"","","Comayancos","Ayto. de Revilla de Collazos","Sí","Sí"
449,-4.793853,42.625523,"A","4","A","1",3403,"Saldaña-Valdavia","Pino del Río",34129,"","","Majada y Valle de las Fuentes","E.L.M. de Celadilla del Rio","Sí","Sí"
450,-4.732908,42.626461,"A","1",NA,NA,3403,"Saldaña-Valdavia","Saldaña",34157,"","","Páramo y Majada","E.L.M. de Carbonera","Sí","Sí"
451,-4.720718,42.626645,"A","1",NA,NA,3403,"Saldaña-Valdavia","Ayuela",34020,"","","Bascarrión","Ayto. de Tabanera de Valdavia,Ayto. de Ayuela,E.L.M. de Villasur","No","No"
455,-4.562246,42.628916,"A","4","A","1",3403,"Saldaña-Valdavia","Buenavista de Valdavia",34037,"","","El Cerrillo","E.L.M. de Polvorosa de Valdavia","Sí","Sí"
456,-4.550055,42.629082,"A","4","A","1",3403,"Saldaña-Valdavia","Buenavista de Valdavia",34037,"","","Alto y Agregados","Ayto. de Buenavista de Valdavia","Sí","Sí"
457,-4.757033,42.617089,NA,NA,NA,NA,3403,"Saldaña-Valdavia","Saldaña",34157,"","","","","",""
459,-4.635154,42.618893,"A","4","A","1",3403,"Saldaña-Valdavia","Valderrábano",34190,"","","","","",""
460,-4.57421,42.619747,"A","1",NA,NA,3403,"Saldaña-Valdavia","Buenavista de Valdavia",34037,"","","El Cerrillo","E.L.M. de Polvorosa de Valdavia","Sí","Sí"
462,-4.549832,42.62008,"A","1",NA,NA,3403,"Saldaña-Valdavia","Buenavista de Valdavia",34037,"","","Montecillo, Páramo y Cuesta","E.L.M. de Arenillas de San Pelayo","Sí","Sí"
464,-4.842076,42.606747,"A","4C","A","4",3403,"Saldaña-Valdavia","Villota del Páramo",34245,"","","El Corco","C.A. de Castiilla y León","Sí","Sí"
466,-4.573983,42.610745,"A","4","A","1",3403,"Saldaña-Valdavia","Buenavista de Valdavia",34037,"","","Alto y Agregados","Ayto. de Buenavista de Valdavia","Sí","Sí"
467,-4.549608,42.611077,"A","1","A","4",3403,"Saldaña-Valdavia","Buenavista de Valdavia",34037,"","","Montecillo, Páramo y Cuesta","E.L.M. de Arenillas de San Pelayo","Sí","Sí"
469,-4.841811,42.597746,"A","1",NA,NA,3403,"Saldaña-Valdavia","Villota del Páramo",34245,"","","El Corco","C.A. de Castiilla y León","Sí","Sí"
471,-4.780894,42.598709,"A","1",NA,NA,3403,"Saldaña-Valdavia","Pino del Río",34129,"","","Majada y Valle de las Fuentes","E.L.M. de Celadilla del Rio","Sí","Sí"
474,-4.537199,42.602239,"A","4","A","1",3403,"Saldaña-Valdavia","Villaeles de Valdavia",34208,"","","Bostal y Albarizas","Ayto. de Villaeles de Valdavia","Sí","Sí"
476,-4.744092,42.590271,"A","1","A","4",3403,"Saldaña-Valdavia","Saldaña",34157,"","","Páramo y Majada","E.L.M. de Carbonera","Sí","Sí"
477,-4.719727,42.590639,"A","1",NA,NA,3403,"Saldaña-Valdavia","Saldaña",34157,"","","","","",""
480,-4.549162,42.593073,"A","1",NA,NA,3403,"Saldaña-Valdavia","Villaeles de Valdavia",34208,"","","Bostal y Albarizas","Ayto. de Villaeles de Valdavia","Sí","Sí"
481,-4.536978,42.593237,"A","1",NA,NA,3403,"Saldaña-Valdavia","Villaeles de Valdavia",34208,"","","Bostal y Albarizas","Ayto. de Villaeles de Valdavia","Sí","Sí"
483,-4.548939,42.58407,"A","4",NA,NA,3403,"Saldaña-Valdavia","Villaeles de Valdavia",34208,"","","Bostal y Albarizas","Ayto. de Villaeles de Valdavia","Sí","Sí"
484,-4.536757,42.584234,"A","1",NA,NA,3403,"Saldaña-Valdavia","Villaeles de Valdavia",34208,"","","Bostal y Albarizas","Ayto. de Villaeles de Valdavia","Sí","Sí"
485,-4.573077,42.574736,NA,NA,NA,NA,3403,"Saldaña-Valdavia","Villaeles de Valdavia",34208,"","","Bostal y Albarizas","Ayto. de Villaeles de Valdavia","Sí","Sí"
488,-4.524355,42.575395,"A","4","A","4",3403,"Saldaña-Valdavia","Villasila de Valdavia",34234,"","","Páramo y Majada","Ayto. de Villasila de Valdavia","Sí","Sí"
489,-4.718985,42.563634,NA,NA,NA,NA,3403,"Saldaña-Valdavia","Saldaña",34157,"","","","","",""
491,-4.560672,42.5659,"A","4",NA,NA,3403,"Saldaña-Valdavia","Villaeles de Valdavia",34208,"","","Bostal y Albarizas","Ayto. de Villaeles de Valdavia","Sí","Sí"
492,-4.536315,42.56623,"A","4","A","1",3403,"Saldaña-Valdavia","Villasila de Valdavia",34234,"","","Páramo y Majada","Ayto. de Villasila de Valdavia","Sí","Sí"
493,-4.524136,42.566392,"A","4",NA,NA,3403,"Saldaña-Valdavia","Villasila de Valdavia",34234,"","","Páramo y Majada","Ayto. de Villasila de Valdavia","Sí","Sí"
496,-4.523917,42.55739,"A","4","A","1",3403,"Saldaña-Valdavia","Villasila de Valdavia",34234,"","","Páramo y Majada","Ayto. de Villasila de Valdavia","Sí","Sí"
497,-4.742838,42.545263,"A","4","A","1",3403,"Saldaña-Valdavia","Saldaña",34157,"","","Valdemenoldo","Ayto. de Saldaña","No","No"
498,-4.730665,42.545448,"A","1",NA,NA,3403,"Saldaña-Valdavia","Saldaña",34157,"","","","","",""
500,-4.535873,42.548225,"A","4",NA,NA,3403,"Saldaña-Valdavia","Villasila de Valdavia",34234,"","","Páramo y Majada","Ayto. de Villasila de Valdavia","Sí","Sí"
501,-4.523698,42.548387,"A","1",NA,NA,3403,"Saldaña-Valdavia","Villasila de Valdavia",34234,"","","Páramo y Majada","Ayto. de Villasila de Valdavia","Sí","Sí"
503,-4.535652,42.539222,"A","4","A","4",3403,"Saldaña-Valdavia","Villasila de Valdavia",34234,"","","Páramo y Majada","Ayto. de Villasila de Valdavia","Sí","Sí"
507,-4.851597,42.516541,"A","4",NA,NA,3403,"Saldaña-Valdavia","Santervás de la Vega",34169,"","","","","",""
509,-4.851331,42.50754,"A","4","A","1",3403,"Saldaña-Valdavia","Santervás de la Vega",34169,"","","","","",""
511,-4.705337,42.509806,NA,NA,NA,NA,3403,"Saldaña-Valdavia","Saldaña",34157,"","","Cuesta Cornon","E.L.M. de Relea de la Loma","No","No"
513,-4.607999,42.511213,"A","4","A","1",3403,"Saldaña-Valdavia","Saldaña",34157,"","","Paramillo y Monte de Arriba","E.L.M. de Vega de Doña Olimpa","Sí","Sí"
515,-4.58340482,42.51143902,NA,NA,"A","1",3402,"Campos","Loma de Ucieza",34903,"","","","","",""
517,-4.57127,42.502717,"A","1",NA,NA,3402,"Campos","Loma de Ucieza",34903,"","","Morcorio","E.L.M. de Villota del Duque","Sí","Sí"
518,-4.440955,42.657522,"A","1",NA,NA,3404,"Boedo-Ojeda","La Vid de Ojeda",34093,"","","Montecillo","Ayto. de La Vid de Ojeda","No","No"
520,-4.416561,42.657827,"A","4C","A","1",3404,"Boedo-Ojeda","La Vid de Ojeda",34093,"","","Montecillo","Ayto. de La Vid de Ojeda","No","No"
521,-4.501507,42.638734,"A","1",NA,NA,3404,"Boedo-Ojeda","Revilla de Collazos",34154,"","","La Cuesta","Ayto. de Revilla de Collazos","No","No"
523,-4.4647083,42.63931106,NA,NA,"A","1",3404,"Boedo-Ojeda","Dehesa de Romanos",34068,"","","Fuente Ortuño","Ayto. de Dehesa de Romanos","No","No"
524,-4.476907,42.630048,"A","3E","A","1",3404,"Boedo-Ojeda","Dehesa de Romanos",34068,"","","Fuente Ortuño","Ayto. de Dehesa de Romanos","No","No"
526,-4.464505,42.621202,NA,NA,NA,NA,3404,"Boedo-Ojeda","Collazos de Boedo",34061,"","","","","",""
531,-4.512392,42.584559,"A","1",NA,NA,3403,"Saldaña-Valdavia","Villasila de Valdavia",34234,"","","Páramo y Majada","Ayto. de Villasila de Valdavia","Sí","Sí"
535,-4.475632,42.576033,"A","1",NA,NA,3404,"Boedo-Ojeda","Sotobañado y Priorato",34176,"","","Gallillo","Ayto. de Sotobañado y Priorato","Sí","Sí"
538,-4.414725,42.576801,"A","1",NA,NA,3404,"Boedo-Ojeda","Páramo de Boedo",34122,"","","Fuentepila","E.L.M. de Páramo de Boedo","Sí","Sí"
540,-4.475419,42.56703,"A","4","A","1",3403,"Saldaña-Valdavia","Villameriel",34222,"","","Corral y Agregados","E.L.M. de San Martin del Monte","Sí","Sí"
541,-4.46324,42.567186,"A","4","A","1",3404,"Boedo-Ojeda","Sotobañado y Priorato",34176,"","","Gallillo","Ayto. de Sotobañado y Priorato","Sí","Sí"
543,-4.426701,42.567647,"A","1",NA,NA,3404,"Boedo-Ojeda","Páramo de Boedo",34122,"","","Fuentepila","E.L.M. de Páramo de Boedo","Sí","Sí"
544,-4.402342,42.567948,"A","1",NA,NA,3404,"Boedo-Ojeda","Calahorra de Boedo",34041,"","","Mayor y Rebollo","Ayto. de Calahorra de Boedo","Sí","Sí"
545,-4.390162,42.568096,"A","4","A","1",3404,"Boedo-Ojeda","Calahorra de Boedo",34041,"","","Mayor y Rebollo","Ayto. de Calahorra de Boedo","Sí","Sí"
547,-4.51174,42.557551,"A","4","A","1",3403,"Saldaña-Valdavia","Villanuño de Valdavia",34228,"","","Arriba","E.L.M. de Arenillas de Nuño Perez","Sí","Sí"
548,-4.499562,42.557711,"A","1",NA,NA,3403,"Saldaña-Valdavia","Villanuño de Valdavia",34228,"","","Arriba","E.L.M. de Arenillas de Nuño Perez","Sí","Sí"
550,-4.511522,42.548549,"A","1",NA,NA,3403,"Saldaña-Valdavia","Villanuño de Valdavia",34228,"","","Arriba","E.L.M. de Arenillas de Nuño Perez","Sí","Sí"
552,-4.462819,42.549181,"A","4",NA,NA,3403,"Saldaña-Valdavia","Villameriel",34222,"","","El Monte","E.L.M. de Villameriel","Sí","Sí"
554,-4.511088,42.530543,"A","1",NA,NA,3403,"Saldaña-Valdavia","Villanuño de Valdavia",34228,"","","Arriba","Ayto. de Villanuño de Valdavia","Sí","Sí"
558,-4.498485,42.512698,NA,NA,"A","1",3403,"Saldaña-Valdavia","Villanuño de Valdavia",34228,"","","Arriba","Ayto. de Villanuño de Valdavia","Sí","Sí"
559,-4.486317,42.512856,"A","1","A","4",3402,"Campos","Bárcena de Campos",34025,"","","Duque","E.L.M. de Santa Cruz del Monte,Ayto. de Bárcena de Campos","Sí","Sí"
560,-4.474148,42.513014,"A","4C","A","1",3403,"Saldaña-Valdavia","Villameriel",34222,"","","Vallespinoso y Valdelaguna","E.L.M. de Villameriel","Sí","Sí"
562,-4.291605,42.515217,"A","4","A","1",3404,"Boedo-Ojeda","Herrera de Pisuerga",34083,"","","Las Corraleras","E.L.M. de Ventosa de Pisuerga","Sí","Sí"
563,-4.510437,42.503536,NA,NA,NA,NA,3403,"Saldaña-Valdavia","Villanuño de Valdavia",34228,"","","","","",""
564,-4.49827,42.503695,NA,NA,NA,NA,3403,"Saldaña-Valdavia","Villanuño de Valdavia",34228,"","","Arriba","Ayto. de Villanuño de Valdavia","Sí","Sí"
566,-4.874855,42.480141,"A","4",NA,NA,3403,"Saldaña-Valdavia","Santervás de la Vega",34169,"","","El Montón","E.L.M. de Villarrobejo","No","No"
567,-4.862695,42.480339,"A","1",NA,NA,3403,"Saldaña-Valdavia","Santervás de la Vega",34169,"","","El Montón","E.L.M. de Villarrobejo","No","No"
568,-4.874586,42.47114,"A","1",NA,NA,3403,"Saldaña-Valdavia","Santervás de la Vega",34169,"","","El Montón","E.L.M. de Villarrobejo","No","No"
569,-4.874317,42.462139,"A","4","A","1",3403,"Saldaña-Valdavia","Santervás de la Vega",34169,"","","El Montón","E.L.M. de Villarrobejo","No","No"
570,-4.862161,42.462337,NA,NA,NA,NA,3403,"Saldaña-Valdavia","Villarrabé",34231,"","","","","",""
571,-4.886203,42.452939,"A","4","A","1",3403,"Saldaña-Valdavia","Lagartos",34091,"","","Páramo Cierzo","E.L.M. de Villambran de Cea","Sí","Sí"
572,-4.874049,42.453138,"A","4",NA,NA,3403,"Saldaña-Valdavia","Villarrabé",34231,"","","Matajoara","C.A. de Castiilla y León","Sí","Sí"
573,-4.861894,42.453336,"A","1","A","1",3403,"Saldaña-Valdavia","Villarrabé",34231,"","","","","",""
574,-4.86148878,42.44449007,NA,NA,"A","1",3403,"Saldaña-Valdavia","Villarrabé",34231,"","","El Hoyo","E.L.M. de Villambroz","No","No"
575,-4.873512,42.435136,"A","1","A","1",3403,"Saldaña-Valdavia","Lagartos",34091,"","","Páramo Cierzo","E.L.M. de Villambran de Cea","Sí","Sí"
577,-4.872708,42.408133,"A","1","A","1",3403,"Saldaña-Valdavia","Lagartos",34091,"","","Tordillos","E.L.M. de Terradillos de los Templarios","Sí","Sí"
579,-4.896729,42.398732,"A","4",NA,NA,3403,"Saldaña-Valdavia","Lagartos",34091,"","","Quemado, Majuelo y Valdeladrón","E.L.M. de Lagartos","No","No"
580,-4.871905,42.381129,"A","1",NA,NA,3403,"Saldaña-Valdavia","Lagartos",34091,"","","El Carrasco","E.L.M. de Terradillos de los Templarios","No","No"
582,-4.8508,42.489538,"A","4",NA,NA,3403,"Saldaña-Valdavia","Santervás de la Vega",34169,"","","Cuestas Grandes","E.L.M. de Santervas de la Vega","No","No"
584,-4.55888,42.493881,NA,NA,NA,NA,3403,"Saldaña-Valdavia","Villanuño de Valdavia",34228,"","","","","",""
585,-4.850534,42.480536,"A","1",NA,NA,3403,"Saldaña-Valdavia","Santervás de la Vega",34169,"","","El Montón","E.L.M. de Villarrobejo","No","No"
586,-4.570819,42.484713,"A","1","A","1",3402,"Campos","Loma de Ucieza",34903,"","","El Rey","E.L.M. de Itero Seco","Sí","Sí"
587,-4.558656,42.484879,"A","1",NA,NA,3402,"Campos","Loma de Ucieza",34903,"","","El Rey","E.L.M. de Itero Seco","Sí","Sí"
588,-4.850269,42.471535,"A","4",NA,NA,3403,"Saldaña-Valdavia","Santervás de la Vega",34169,"","","El Montón","E.L.M. de Villarrobejo","No","No"
591,-4.82569,42.462924,"A","1",NA,NA,3403,"Saldaña-Valdavia","Santervás de la Vega",34169,"","","La Perionda","E.L.M. de Quintanadiez de la Vega","No","No"
592,-4.849739,42.453533,"A","4","A","1",3403,"Saldaña-Valdavia","Villarrabé",34231,"","","","","",""
594,-4.849474,42.444532,"A","4",NA,NA,3403,"Saldaña-Valdavia","Villarrabé",34231,"","","El Hoyo","E.L.M. de Villarrabe","No","No"
598,-4.848151,42.399526,"A","4",NA,NA,3403,"Saldaña-Valdavia","Ledigos",34094,"","","Carraco, Matalavilla y Roturos","Ayto. de Ledigos","No","No"
604,-4.847095,42.363521,"A","4",NA,NA,3403,"Saldaña-Valdavia","Ledigos",34094,"","","Carraco, Matalavilla y Roturos","Ayto. de Ledigos","No","No"
605,-4.834958,42.363716,"A","4",NA,NA,3403,"Saldaña-Valdavia","Ledigos",34094,"","","Carraco, Matalavilla y Roturos","Ayto. de Ledigos","No","No"
608,-4.834696,42.354714,"A","1",NA,NA,3403,"Saldaña-Valdavia","Ledigos",34094,"","","Carraco, Matalavilla y Roturos","Ayto. de Ledigos","No","No"
611,-4.822299,42.345906,"A","1","A","1",3402,"Campos","Cervatos de la Cueza",34055,"","","","","",""
613,-4.400731,42.495924,NA,NA,NA,NA,3404,"Boedo-Ojeda","Villaprovedo",34229,"","","","","",""
616,-4.473514,42.486005,"A","1","A","4",3402,"Campos","Bárcena de Campos",34025,"","","Concejo","Ayto. de Bárcena de Campos","No","No"
621,-4.412289,42.468765,"A","1",NA,NA,3402,"Campos","Espinosa de Villagonzalo",34071,"","","Bayala","Ayto. de Espinosa de Villagonzalo","Sí","Sí"
624,-4.326973,42.460779,"A","1",NA,NA,3402,"Campos","Osorno la Mayor",34901,"","","El Otero","Ayto. de Osorno La Mayor","Sí","Sí"
625,-4.314813,42.460919,"A","4","A","1",3404,"Boedo-Ojeda","Herrera de Pisuerga",34083,"","","San Zornil","E.L.M. de Olmos de Pisuerga","Sí","Sí"
628,-4.33894,42.451634,"A","4","A","1",3402,"Campos","Osorno la Mayor",34901,"","","El Otero","Ayto. de Osorno La Mayor","Sí","Sí"
629,-4.326783,42.451776,"A","1","A","1",3402,"Campos","Osorno la Mayor",34901,"","","El Otero","Ayto. de Osorno La Mayor","Sí","Sí"
630,-4.326593,42.442772,"A","4C",NA,NA,3402,"Campos","Osorno la Mayor",34901,"","","El Otero","Ayto. de Osorno La Mayor","Sí","Sí"
1014,-4.79002978,42.91377468,NA,NA,"A","4",3405,"Guardo","Velilla del Río Carrión",34199,"Montaña Palentina","Parque Natural","Valdelascasas","Ayto. de Velilla del Río Carrión","No","No"
1015,-4.581752,42.916811,"N","N","A","4",3406,"Cervera","Cervera de Pisuerga",34056,"Montaña Palentina","Parque Natural","Usadña","E.L.M. de Resoba,E.L.M. de Santibañez de la Peña","No","No"
1016,-4.826411,42.904163,"N","N","A","1",3405,"Guardo","Velilla del Río Carrión",34199,"Montaña Palentina","Parque Natural","Campana del Horno, Campana Cortina y Campana la Llana","Ayto. de Velilla del Río Carrión","No","No"
1017,-4.532539,42.908476,"N","N",NA,NA,3406,"Cervera","Cervera de Pisuerga",34056,"Montaña Palentina","Parque Natural","Monderio","E.L.M. de Resoba,E.L.M. de Arbejal,Ayto. de Cervera de Pisuerga","No","No"
1018,-4.789421,42.895743,"N","N","A","1",3405,"Guardo","Velilla del Río Carrión",34199,"Montaña Palentina","Parque Natural","Edillo","Ayto. de Velilla del Río Carrión","No","No"
1019,-4.605779,42.898467,"N","N",NA,NA,3406,"Cervera","Cervera de Pisuerga",34056,"Montaña Palentina","Parque Natural","Dehesa del Monte","E.L.M. de San Martin de los Herreros","No","No"
1021,-4.7889,42.877741,"N","N","A","1",3405,"Guardo","Velilla del Río Carrión",34199,"Montaña Palentina","Parque Natural","Alto","Ayto. de Velilla del Río Carrión","No","No"
1022,-4.593072,42.880635,"N","N","A","1",3406,"Cervera","Cervera de Pisuerga",34056,"Montaña Palentina","Parque Natural","Dehesa del Monte","E.L.M. de San Martin de los Herreros","No","No"
1024,-4.78872838,42.86877037,NA,NA,"A","4C",3405,"Guardo","Velilla del Río Carrión",34199,"Montaña Palentina","Parque Natural","La Solana","Ayto. de Velilla del Río Carrión","No","No"
1025,-4.812586,42.850354,"N","N","A","1",3405,"Guardo","Velilla del Río Carrión",34199,"Montaña Palentina","Parque Natural","La Peñilla","Ayto. de Velilla del Río Carrión","No","No"
1026,-4.78812,42.850739,"N","N",NA,NA,3405,"Guardo","Velilla del Río Carrión",34199,"Montaña Palentina","Parque Natural","La Sierra","Ayto. de Velilla del Río Carrión","No","No"
1027,-4.775629,42.841929,"N","N","A","1",3405,"Guardo","Velilla del Río Carrión",34199,"Montaña Palentina","Parque Natural","La Sierra","Ayto. de Velilla del Río Carrión","No","No"
1031,-4.542989,42.836296,"N","N","A","1",3406,"Cervera","Dehesa de Montejo",34067,"Montaña Palentina","Parque Natural","Hayedo","E.L.M. de Dehesa de Montejo","No","No"
1036,-4.423357,42.95491,"N","N",NA,NA,3406,"Cervera","Cervera de Pisuerga",34056,"Montaña Palentina","Parque Natural","Matacorva y Monte Alto","E.L.M. de Celada de Roblecedo","No","No"
1037,-4.459911,42.945445,"N","N","A","1",3406,"Cervera","Cervera de Pisuerga",34056,"Montaña Palentina","Parque Natural","Dehesa y Quemado","E.L.M. de Verdeña","No","No"
1038,-4.471951,42.936286,"N","N",NA,NA,3406,"Cervera","Cervera de Pisuerga",34056,"Montaña Palentina","Parque Natural","La Loma y Ballabar","E.L.M. de Verdeña, E.L.M. de Estalaya","No","No"
1039,-4.508486,42.926805,"N","N","A","1",3406,"Cervera","Cervera de Pisuerga",34056,"Montaña Palentina","Parque Natural","Acebal","E.L.M. de Vañes","No","No"
1040,-4.483986,42.927126,"N","N","A","1",3406,"Cervera","Cervera de Pisuerga",34056,"Montaña Palentina","Parque Natural","Matalabada","E.L.M. de Estalaya","No","No"
1041,-4.398234,42.928205,"N","N","A","1",3406,"Cervera","Cervera de Pisuerga",34056,"Montaña Palentina","Parque Natural","Corisa","E.L.M. de Herreruela de Castilleria","No","No"
1042,-4.520514,42.917641,"N","N","A","1",3406,"Cervera","Cervera de Pisuerga",34056,"Montaña Palentina","Parque Natural","La Dehesa de Villanueva","Ayto. de Cervera de Pisuerga","No","No"
1048,-4.299658,42.902352,"N","N","A","1",3407,"Aguilar","Barruelo de Santullán",34027,"","","Barbadillo","E.L.M. de Revilla de Santullan","Sí","Sí"
1050,-4.482907,42.882115,"N","N",NA,NA,3406,"Cervera","Cervera de Pisuerga",34056,"Montaña Palentina","Parque Natural","Dehesa de Boyal","E.L.M. de Valsadornin","No","No"
1051,-4.335813,42.874921,"N","N","A","4",3407,"Aguilar","Barruelo de Santullán",34027,"","","Rebollar","E.L.M. de Bustillo de Santullan","No","No"
1053,-4.396811,42.865188,"N","N","A","1",3406,"Cervera","Mudá",34110,"","","Mataquemado y Bardales","Ayto. de Mudá","No","No"
1054,-4.323188,42.857058,"N","N",NA,NA,3407,"Aguilar","Aguilar de Campoo",34004,"","","","","",""
1055,-4.482045,42.846106,"N","N","A","1",3406,"Cervera","Dehesa de Montejo",34067,"","","Paovida","E.L.M. de Vado","No","No"
1057,-4.506294,42.836785,"N","N","A","1",3406,"Cervera","Dehesa de Montejo",34067,"","","Montes Claros","E.L.M. de Vado","Sí","Sí"
1058,-4.298336,42.839332,"N","N",NA,NA,3407,"Aguilar","Aguilar de Campoo",34004,"","","Los Vallejos","Ayto. de Aguilar de Campoo","No","No"
1059,-4.175996,42.840654,"N","N","A","1",3407,"Aguilar","Aguilar de Campoo",34004,"","","Valdelobera","E.L.M. de Canduela","No","No"
1060,-4.139293,42.841025,"N","N","A","1",3407,"Aguilar","Aguilar de Campoo",34004,"","","Mandrigo","E.L.M. de Villanueva de Henares","No","No"
1061,-4.860706,42.822567,"N","N",NA,NA,3405,"Guardo","Velilla del Río Carrión",34199,"","","","","",""
1062,-4.860166,42.804566,"N","N",NA,NA,3405,"Guardo","Guardo",34080,"","","Corcos y agregados","Ayto. de Guardo","Sí","Sí"
1064,-4.931824,42.74935,"N","N",NA,NA,3405,"Guardo","Guardo",34080,"","","","","",""
1065,-4.787601,42.832737,"N","N","A","4",3405,"Guardo","Velilla del Río Carrión",34199,"Montaña Palentina","Parque Natural","La Sierra","Ayto. de Velilla del Río Carrión","No","No"
1066,-4.73843,42.82449,"N","N",NA,NA,3405,"Guardo","Santibáñez de la Peña",34171,"","","Fuente la Virgen, Campanario y Peña Mañana","E.L.M. de Santibañez de la Peña","No","No"
1067,-4.701745,42.825041,"N","N",NA,NA,3405,"Guardo","Santibáñez de la Peña",34171,"","","","","",""
1068,-4.835985,42.813962,"N","N","A","4",3405,"Guardo","Velilla del Río Carrión",34199,"","","Peña Mayor","Ayto. de Velilla del Río Carrión","Sí","No"
1070,-4.774856,42.814926,"N","N","A","1",3405,"Guardo","Santibáñez de la Peña",34171,"","","Fuente la Virgen, Campanario y Peña Mañana","E.L.M. de Santibañez de la Peña","No","No"
1072,-4.823495,42.805156,"N","N","A","1",3405,"Guardo","Guardo",34080,"","","Valdecastro","Ayto. de Guardo","Sí","Sí"
1073,-4.75015,42.806301,"N","N","A","1",3405,"Guardo","Santibáñez de la Peña",34171,"","","Valcárcel","E.L.M. de Santibañez de la Peña","No","No"
1074,-4.664576,42.807577,"N","N",NA,NA,3405,"Guardo","Santibáñez de la Peña",34171,"","","Vallejas Hondas y Villalonga","E.L.M. de Tarilonte de la Peña","No","No"
1076,-4.700758,42.789036,"N","N","A","1",3405,"Guardo","Santibáñez de la Peña",34171,"","","Hoyo Espinar","E.L.M. de Pino de Viduerna","Sí","Sí"
1077,-4.627428,42.790102,"N","N",NA,NA,3406,"Cervera","Castrejónde la Peña",34049,"","","Álvaro","E.L.M. de Pison de Castrejon","No","No"
1079,-4.773827,42.778922,"N","N",NA,NA,3405,"Guardo","Santibáñez de la Peña",34171,"","","","","",""
1081,-4.749136,42.770297,"N","N",NA,NA,3405,"Guardo","Santibáñez de la Peña",34171,"","","Rozado","E.L.M. de Cornon de la Peña","No","No"
1083,-4.59007,42.763611,"N","N","A","1",3406,"Cervera","Castrejónde la Peña",34049,"","","Alto","E.L.M. de Castrejon de la Peña","Sí","Sí"
1084,-4.687559,42.753211,"N","N","A","1",3405,"Guardo","Respenda de la Peña",34151,"","","","","",""
1085,-4.846069,42.74176,"N","N",NA,NA,3405,"Guardo","Mantinos",34100,"","","Flecha y Majada de San Juan","Ayto. de Mantinos","No","No"
1086,-4.62625,42.745093,"N","N","A","1",3405,"Guardo","Respenda de la Peña",34151,"","","Cabanillas","E.L.M. de Baños de la Peña","Sí","Sí"
1087,-4.674859,42.735387,"N","N",NA,NA,3405,"Guardo","Respenda de la Peña",34151,"","","Fuenteteburo","E.L.M. de Santana de la Peña","No","No"
1088,-4.699035,42.726026,"N","N",NA,NA,3403,"Saldaña-Valdavia","Congosto de Valdavia",34062,"","","Valdemorata y Roscales","E.L.M. de Villanueva de Abajo","Sí","Sí"
1089,-4.820857,42.715148,"N","N",NA,NA,3405,"Guardo","Villalba de Guardo",34214,"","","Majadilla","Ayto. de Villalba de Guardo","No","No"
1090,-4.686582,42.717205,"N","N",NA,NA,3403,"Saldaña-Valdavia","Congosto de Valdavia",34062,"","","Valdemorata y Roscales","E.L.M. de Villanueva de Abajo","Sí","Sí"
1091,-4.661927,42.70856,"N","N","A","1",3405,"Guardo","Respenda de la Peña",34151,"","","Bardal","E.L.M. de Baños de la Peña","No","No"
1093,-4.649483,42.699735,"N","N",NA,NA,3403,"Saldaña-Valdavia","Congosto de Valdavia",34062,"","","La Rozada","Ayto. de Congosto de Valdavia","No","No"
1098,-4.383768,42.829326,"N","N",NA,NA,3407,"Aguilar","Salinas de Pisuerga",34158,"","","Abajo","E.L.M. de Salinas de Pisuerga","No","No"
1099,-4.29804241,42.82135558,NA,NA,"A","4C",3407,"Aguilar","Aguilar de Campoo",34004,"","","","","",""
1100,-4.444504,42.810566,"N","N","A","1",3406,"Cervera","Cervera de Pisuerga",34056,"","","","","",""
1101,-4.383367,42.811321,"N","N","A","1",3407,"Aguilar","Aguilar de Campoo",34004,"","","La Ruya","E.L.M. de Barrio de Santa Maria","No","No"
1105,-4.40721,42.784015,"N","N","A","1",3406,"Cervera","Cervera de Pisuerga",34056,"","","Mata y Robledillo","E.L.M. de Perazancas de Ojeda","Sí","No"
1110,-4.479469,42.738078,"N","N",NA,NA,3404,"Boedo-Ojeda","Olmos de Ojeda",34114,"","","Valdelarrasa","E.L.M. de Quintanatello de Ojeda","No","No"
1112,-4.23492091,42.7229867,NA,NA,"A","1",3407,"Aguilar","Aguilar de Campoo",34004,"","","Valseca","E.L.M. de Villacibio","No","No"
1113,-4.210417,42.723228,"N","N","A","1",3407,"Aguilar","Aguilar de Campoo",34004,"","","El Encinar","Ayto. de Aguilar de Campoo","No","No"
1117,-4.490604,42.692908,"N","N","A","1",3404,"Boedo-Ojeda","Micieces de Ojeda",34107,"","","Los Montecillos","Ayto. de Micieces de Ojeda","Sí","Sí"
1120,-4.163255,42.813769,"N","N",NA,NA,3407,"Aguilar","Pomar de Valdivia",34135,"","","La Dehesa","Ayto. de Pomar de Valdivia","No","No"
1121,-4.089721,42.805487,"N","N",NA,NA,3407,"Aguilar","Pomar de Valdivia",34135,"","","Los Corros","E.L.M. de Lastrilla","No","No"
1122,-4.126078,42.787125,"N","N","A","1",3407,"Aguilar","Pomar de Valdivia",34135,"Covalagua","Paisaje Protegido","Ahedo","E.L.M. de Revilla de Pomar,E.L.M. de Helecha de Valdivia,E.L.M. de Pomar de Valdivia","Sí","Sí"
1123,-4.17437398,42.75063966,NA,NA,"A","1",3407,"Aguilar","Aguilar de Campoo",34004,"","","Cortinas y Rupiedras","E.L.M. de Puentetoma","No","No"
1126,-4.526333,42.656416,"N","N","A","1",3404,"Boedo-Ojeda","Revilla de Collazos",34154,"","","Comayancos","Ayto. de Revilla de Collazos","Sí","Sí"
1127,-4.538308,42.647251,"N","N","A","1",3404,"Boedo-Ojeda","Revilla de Collazos",34154,"","","Comayancos","Ayto. de Revilla de Collazos","Sí","Sí"
1130,-4.52531823,42.61142266,NA,NA,"A","1",3404,"Boedo-Ojeda","Revilla de Collazos",34154,"","","Comayancos","Ayto. de Revilla de Collazos","Sí","Sí"
1132,-4.683179,42.591182,"N","N",NA,NA,3403,"Saldaña-Valdavia","Saldaña",34157,"","","Cotarro y Matalasmonjas","E.L.M. de Villasur","Sí","Sí"
1133,-4.63453351,42.59190542,NA,NA,"A","1",3403,"Saldaña-Valdavia","Valderrábano",34190,"","","","","",""
1134,-4.780382,42.580707,"N","N","A","1",3403,"Saldaña-Valdavia","Poza de la Vega",34136,"","","","","",""
1135,-4.658336,42.573534,"N","N",NA,NA,3403,"Saldaña-Valdavia","Saldaña",34157,"","","Valdebellabute","E.L.M. de Membrillar","Sí","Sí"
1137,-4.743339,42.563266,"N","N","A","1",3403,"Saldaña-Valdavia","Saldaña",34157,"","","","","",""
1138,-4.706563,42.554815,"N","N",NA,NA,3403,"Saldaña-Valdavia","Saldaña",34157,"","","Matorro y Vargas","E.L.M. de Villalafuente","No","No"
1139,-4.657621,42.546528,"N","N",NA,NA,3403,"Saldaña-Valdavia","Saldaña",34157,"","","Vallejadas y Paracuetos","E.L.M. de Valenoso","No","No"
1140,-4.706072,42.536811,"N","N","A","1",3403,"Saldaña-Valdavia","Saldaña",34157,"","","El Páramo","E.L.M. de Relea de la Loma","No","No"
1141,-4.596519,42.53839,"N","N","A","1",3403,"Saldaña-Valdavia","Villasila de Valdavia",34234,"","","Las Cuestas","Ayto. de Villasila de Valdavia","Sí","Sí"
1142,-4.669316,42.528347,"N","N","A","1",3403,"Saldaña-Valdavia","Saldaña",34157,"","","Las Cuestas","E.L.M. de Villanueva del Monte","No","No"
1143,-4.620632,42.529046,"N","N",NA,NA,3403,"Saldaña-Valdavia","Saldaña",34157,"","","Paramillo y Monte de Arriba","E.L.M. de Vega de Doña Olimpa","Sí","Sí"
1146,-4.465561,42.666215,"N","N","A","1",3404,"Boedo-Ojeda","Micieces de Ojeda",34107,"","","Cerrado","E.L.M. de Berzosa de los Hidalgos","No","No"
1148,-4.294396,42.650267,"N","N",NA,NA,3404,"Boedo-Ojeda","Alar del Rey",34005,"","","","","",""
1154,-4.450435,42.540333,"N","N",NA,NA,3403,"Saldaña-Valdavia","Villameriel",34222,"","","El Monte","E.L.M. de Villameriel","Sí","Sí"
1156,-4.425881,42.531635,"N","N",NA,NA,3404,"Boedo-Ojeda","Villaprovedo",34229,"","","Bayala y agregados","Ayto. de Villaprovedo","Sí","Sí"
1157,-4.30415,42.533086,"N","N",NA,NA,3404,"Boedo-Ojeda","Herrera de Pisuerga",34083,"","","","","",""
1158,-4.328306,42.523803,"N","N","A","1",3404,"Boedo-Ojeda","Herrera de Pisuerga",34083,"","","Las Corraleras","E.L.M. de Ventosa de Pisuerga","Sí","Sí"
1160,-4.425472,42.51363,"N","N","A","1",3404,"Boedo-Ojeda","Villaprovedo",34229,"","","Bayala y agregados","Ayto. de Villaprovedo","Sí","Sí"
1161,-4.437435,42.504475,"N","N","A","1",3403,"Saldaña-Valdavia","Villameriel",34222,"","","Valdelaguna","E.L.M. de Villorquite de Herrera","No","No"
1162,-4.327925,42.505796,"N","N",NA,NA,3404,"Boedo-Ojeda","Santa Cruz de Boedo",34168,"","","Otero Butres","E.L.M. de Hijosa de Boedo","Sí","Sí"
1164,-4.887014,42.479941,"N","N","A","1",3403,"Saldaña-Valdavia","Santervás de la Vega",34169,"","","","","",""
1166,-4.86003,42.390328,"N","N","A","1",3403,"Saldaña-Valdavia","Ledigos",34094,"","","Carraco, Matalavilla y Roturos","Ayto. de Ledigos","No","No"
1167,-4.558209,42.466874,"N","N","A","1",3402,"Campos","Loma de Ucieza",34903,"","","El Rey","E.L.M. de Itero Seco","Sí","Sí"
1176,-4.291234,42.49721,"N","N",NA,NA,3404,"Boedo-Ojeda","Herrera de Pisuerga",34083,"","","La Dehesilla","E.L.M. de Olmos de Pisuerga","Sí","Sí"
1177,-4.40053,42.486921,"N","N","A","1",3402,"Campos","Espinosa de Villagonzalo",34071,"","","Bayala","Ayto. de Espinosa de Villagonzalo","Sí","Sí"
1178,-4.290864,42.479203,"N","N",NA,NA,3404,"Boedo-Ojeda","Herrera de Pisuerga",34083,"","","La Dehesilla","E.L.M. de Olmos de Pisuerga","Sí","Sí"
1300,-4.91997952,42.75858398,NA,NA,"N","N",3405,"Guardo","Guardo",34080,"","","Matas del Río","Ayto. de Guardo","No","No"
1301,-4.86976921,42.71438943,NA,NA,"N","N",3405,"Guardo","Villalba de Guardo",34214,"","","Páramo del Otro Lado","Ayto. de Villalba de Guardo","No","No"
1303,-4.82543789,42.86819079,NA,NA,"N","N",3405,"Guardo","Velilla del Río Carrión",34199,"Montaña Palentina","Parque Natural","Campana del Horno, Campana Cortina y Campana la Llana","Ayto. de Velilla del Río Carrión","No","No"
1304,-4.82490751,42.85018931,NA,NA,"N","N",3405,"Guardo","Velilla del Río Carrión",34199,"Montaña Palentina","Parque Natural","El Pinar","Ayto. de Velilla del Río Carrión","Sí","No"
1307,-4.77649164,42.86896095,NA,NA,"N","N",3405,"Guardo","Velilla del Río Carrión",34199,"Montaña Palentina","Parque Natural","La Solana","Ayto. de Velilla del Río Carrión","No","No"
1310,-4.73574954,42.72550467,NA,NA,"N","N",3405,"Guardo","Respenda de la Peña",34151,"","","","","",""
1312,-4.71480775,42.8518917,NA,NA,"N","N",3405,"Guardo","Santibáñez de la Peña",34171,"","","Peñamediana, Hoyo Maldito, La Sierra, Peñarobla y Peñacueto","E.L.M. de Villafria de la Peña","No","No"
1315,-4.6301157,42.8891492,NA,NA,"N","N",3406,"Cervera","Cervera de Pisuerga",34056,"Montaña Palentina","Parque Natural","","","",""
1318,-4.60633315,42.91650037,NA,NA,"N","N",3406,"Cervera","Cervera de Pisuerga",34056,"Montaña Palentina","Parque Natural","Palacios","Ayto. de Cervera de Pisuerga","No","No"
1319,-4.58252977,42.94384682,NA,NA,"N","N",3406,"Cervera","Cervera de Pisuerga",34056,"Montaña Palentina","Parque Natural","Millares","E.L.M. de Resoba","No","No"
1325,-4.53284757,42.91750815,NA,NA,"N","N",3406,"Cervera","Cervera de Pisuerga",34056,"Montaña Palentina","Parque Natural","La Dehesa de Villanueva","Ayto. de Cervera de Pisuerga","No","No"
1326,-4.52995489,42.80048097,NA,NA,"N","N",3406,"Cervera","Dehesa de Montejo",34067,"","","Valdecastro","E.L.M. de Colmenares de Ojeda","No","No"
1329,-4.51619173,42.73761863,NA,NA,"N","N",3404,"Boedo-Ojeda","Payo de Ojeda",34124,"","","","","",""
1331,-4.49632126,42.92699649,NA,NA,"N","N",3406,"Cervera","Cervera de Pisuerga",34056,"Montaña Palentina","Parque Natural","Acebal","E.L.M. de Vañes","No","No"
1332,-4.48746939,42.5578875,NA,NA,"N","N",3403,"Saldaña-Valdavia","Villameriel",34222,"","","Vallespinoso y Valdelaguna","E.L.M. de Villameriel","Sí","Sí"
1339,-4.43589464,42.96379041,NA,NA,"N","N",3406,"Cervera","Cervera de Pisuerga",34056,"Montaña Palentina","Parque Natural","Dehesa de Avellanos","E.L.M. de Celada de Roblecedo","No","No"
1348,-4.35840368,42.78462548,NA,NA,"N","N",3407,"Aguilar","Aguilar de Campoo",34004,"","","Matas del Corral","E.L.M. de Foldada","No","No"
1354,-4.31065297,42.83922226,NA,NA,"N","N",3407,"Aguilar","Aguilar de Campoo",34004,"","","La Matas","E.L.M. de Matamorisca","No","No"
1370,-4.23527826,42.74099354,NA,NA,"N","N",3407,"Aguilar","Aguilar de Campoo",34004,"Las Tuerces","Paisaje Protegido","Castillo de Gama","Ayto. de Aguilar de Campoo","No","No"
1372,-4.22270976,42.72311773,NA,NA,"N","N",3407,"Aguilar","Aguilar de Campoo",34004,"","","El Encinar","Ayto. de Aguilar de Campoo","No","No"
