"ID","Estadillo","Especie","Fcc_IFN2","Hm_IFN2","Fcc_IFN3","Hm_IFN3","Fcc_IFN4","Hm_IFN4"
"1",47,102,80,15,NA,NA,NA,NA
"2",47,103,10,15,NA,NA,NA,NA
"3",47,106,NA,NA,15,15,NA,NA
"4",47,137,NA,NA,15,2,24,2
"5",47,2102,NA,NA,75,15,30,11
"6",47,4104,NA,NA,5,12,NA,NA
"7",49,102,30,15,NA,NA,NA,NA
"8",49,103,10,15,NA,NA,NA,NA
"9",49,121,NA,NA,5,3,NA,NA
"10",49,1102,NA,NA,20,10,4,3
"11",49,4104,NA,NA,10,15,2,2
"12",54,102,60,14,NA,NA,NA,NA
"13",54,103,15,18,NA,NA,NA,NA
"14",54,137,NA,NA,20,4,42,3
"15",54,1102,NA,NA,75,12,45,15
"16",54,2102,NA,NA,10,12,12,15
"17",54,4104,NA,NA,20,15,2,20
"18",66,103,10,10,NA,NA,NA,NA
"19",66,119,NA,NA,5,15,5,10
"20",66,122,NA,NA,5,15,NA,NA
"21",66,179,NA,NA,NA,NA,2,1
"22",66,2950,NA,NA,NA,NA,4,5
"23",66,4104,NA,NA,10,10,10,10
"24",69,102,65,15,NA,NA,NA,NA
"25",69,104,15,4,NA,NA,NA,NA
"26",69,117,10,5,5,4,1,3
"27",69,136,NA,NA,25,5,2,3
"28",69,2102,NA,NA,70,12,80,13
"29",72,102,60,15,NA,NA,NA,NA
"30",72,103,25,20,NA,NA,NA,NA
"31",72,137,NA,NA,20,3,60,4
"32",72,1102,NA,NA,50,15,30,13
"33",72,4104,NA,NA,10,20,5,15
"34",90,102,70,15,NA,NA,NA,NA
"35",90,119,NA,NA,NA,NA,1,3
"36",90,137,NA,NA,20,2,15,2
"37",90,1102,NA,NA,15,4,7,4
"38",90,1555,NA,NA,NA,NA,1,5
"39",94,102,70,10,NA,NA,NA,NA
"40",94,103,10,8,NA,NA,NA,NA
"41",94,137,NA,NA,15,3,21,1
"42",94,2102,NA,NA,60,15,12,10
"43",94,4104,NA,NA,5,15,NA,NA
"44",109,102,10,4,10,3,NA,NA
"45",109,103,10,6,NA,NA,NA,NA
"46",109,107,15,1,25,2,25,2
"47",109,119,15,15,15,15,12,17
"48",109,200,NA,NA,NA,NA,8,10
"49",109,1139,NA,NA,NA,NA,13,2
"50",109,2110,NA,NA,NA,NA,5,3
"51",109,4104,NA,NA,10,15,NA,NA
"52",111,102,10,14,NA,NA,NA,NA
"53",111,106,10,2,NA,NA,NA,NA
"54",111,117,5,2,NA,NA,NA,NA
"55",111,119,NA,NA,NA,NA,1,1
"56",111,2102,NA,NA,25,3,39,2
"57",113,102,10,7,NA,NA,NA,NA
"58",113,103,50,7,NA,NA,NA,NA
"59",113,106,NA,NA,3,6,NA,NA
"60",113,119,10,20,10,8,5,8
"61",113,121,NA,NA,NA,NA,5,20
"62",113,1102,NA,NA,15,12,20,16
"63",113,3121,NA,NA,5,10,NA,NA
"64",113,4103,NA,NA,NA,NA,5,5
"65",113,4104,NA,NA,40,15,40,12
"66",123,103,20,15,NA,NA,NA,NA
"67",123,119,10,10,5,2,5,3
"68",123,2110,NA,NA,3,3,NA,NA
"69",123,3155,NA,NA,6,1,NA,NA
"70",123,4103,NA,NA,3,3,NA,NA
"71",123,4104,NA,NA,NA,NA,6,3
"72",125,102,70,20,NA,NA,NA,NA
"73",125,103,30,20,NA,NA,NA,NA
"74",125,119,NA,NA,1,20,NA,NA
"75",125,137,NA,NA,75,3,92,3
"76",125,1102,NA,NA,90,20,70,20
"77",125,4103,NA,NA,5,23,NA,NA
"78",131,103,20,15,NA,NA,NA,NA
"79",131,115,10,15,5,18,17,25
"80",131,119,20,15,5,15,8,30
"81",131,121,NA,NA,3,3,NA,NA
"82",131,4103,NA,NA,10,5,5,20
"83",133,4103,NA,NA,1,2,1,2
"84",151,103,10,15,NA,NA,NA,NA
"85",151,115,10,15,3,1,NA,NA
"86",151,119,20,20,7,19,12,25
"87",151,121,NA,NA,1,1,NA,NA
"88",151,1167,NA,NA,NA,NA,3,5
"89",151,1555,NA,NA,NA,NA,4,25
"90",151,3115,NA,NA,NA,NA,4,4
"91",151,4104,NA,NA,2,5,NA,NA
"92",154,102,NA,NA,2,1,2,1
"93",154,106,20,2,10,3,12,3
"94",154,4103,NA,NA,1,3,5,9
"95",154,4104,NA,NA,3,6,NA,NA
"96",160,102,5,4,NA,NA,NA,NA
"97",160,103,10,10,NA,NA,NA,NA
"98",160,119,5,10,5,6,2,3
"99",160,121,NA,NA,3,3,2,3
"100",160,137,NA,NA,2,2,2,5
"101",160,144,NA,NA,2,2,NA,NA
"102",160,2110,NA,NA,NA,NA,1,3
"103",160,4103,NA,NA,10,7,NA,NA
"104",160,4104,NA,NA,NA,NA,3,2
"105",162,102,5,3,4,2,1,2
"106",162,103,5,8,NA,NA,NA,NA
"107",162,121,NA,NA,2,1,9,1
"108",162,137,NA,NA,2,2,NA,NA
"109",162,1555,NA,NA,NA,NA,4,3
"110",162,4103,NA,NA,3,18,NA,NA
"111",168,102,65,3,NA,NA,65,2
"112",168,103,1,9,NA,NA,NA,NA
"113",168,119,25,4,5,3,2,3
"114",168,121,NA,NA,5,2,1,4
"115",168,144,NA,NA,4,4,2,3
"116",168,1102,NA,NA,70,3,NA,NA
"117",168,4103,NA,NA,4,4,NA,NA
"118",172,102,20,3,3,2,NA,NA
"119",172,1167,NA,NA,NA,NA,2,3
"120",172,1189,NA,NA,NA,NA,2,7
"121",172,2950,NA,NA,NA,NA,1,3
"122",172,3102,NA,NA,NA,NA,4,2
"123",172,4103,NA,NA,3,5,NA,NA
"124",173,115,NA,NA,3,17,NA,NA
"125",173,119,NA,NA,5,20,2,6
"126",173,1167,NA,NA,NA,NA,5,15
"127",173,3115,NA,NA,NA,NA,2,5
"128",173,4103,NA,NA,3,8,NA,NA
"129",173,4104,NA,NA,3,12,NA,NA
"130",174,103,20,15,NA,NA,NA,NA
"131",174,113,NA,NA,NA,NA,3,10
"132",174,115,NA,NA,5,14,NA,NA
"133",174,119,20,20,8,22,8,22
"134",174,121,NA,NA,3,3,1,10
"135",174,144,NA,NA,5,20,1,2
"136",174,2950,NA,NA,NA,NA,25,10
"137",174,4103,NA,NA,15,4,15,5
"138",175,103,20,15,NA,NA,NA,NA
"139",175,112,5,5,7,15,7,15
"140",175,115,5,15,3,22,1,22
"141",175,119,30,15,30,20,25,20
"142",175,121,NA,NA,5,10,2,10
"143",175,129,NA,NA,20,1,20,1
"144",175,131,NA,NA,3,8,1,8
"145",175,144,NA,NA,5,18,5,2
"146",175,182,NA,NA,NA,NA,2,2
"147",175,4103,NA,NA,20,20,25,15
"148",175,4104,NA,NA,10,5,NA,NA
"149",181,102,30,2,25,2,50,2
"150",181,103,40,8,NA,NA,NA,NA
"151",181,119,15,3,5,7,2,6
"152",181,121,NA,NA,7,2,1,4
"153",181,122,10,4,NA,NA,NA,NA
"154",181,144,NA,NA,7,12,5,3
"155",181,2110,NA,NA,5,2,5,2
"156",181,4103,NA,NA,10,12,10,12
"157",184,102,10,5,7,3,15,2
"158",184,106,70,3,3,2,8,4
"159",184,120,NA,NA,3,2,3,2
"160",184,137,NA,NA,5,2,8,2
"161",184,144,NA,NA,NA,NA,1,2
"162",184,1102,NA,NA,NA,NA,9,25
"163",184,1167,NA,NA,NA,NA,3,12
"164",184,2102,NA,NA,7,20,NA,NA
"165",190,102,20,2,NA,NA,5,2
"166",190,104,60,3,NA,NA,NA,NA
"167",190,119,NA,NA,2,18,2,15
"168",190,182,NA,NA,NA,NA,2,2
"169",190,1103,NA,NA,NA,NA,85,6
"170",190,2950,NA,NA,NA,NA,5,12
"171",190,3155,NA,NA,25,3,5,9
"172",193,102,5,7,NA,NA,NA,NA
"173",193,103,10,16,NA,NA,NA,NA
"174",193,121,NA,NA,5,4,4,1
"175",193,127,5,5,NA,NA,NA,NA
"176",193,1102,NA,NA,3,3,NA,NA
"177",193,4104,NA,NA,NA,NA,7,6
"178",194,102,10,6,NA,NA,NA,NA
"179",194,103,15,16,NA,NA,NA,NA
"180",194,137,NA,NA,10,2,NA,NA
"181",200,102,60,10,2,1,5,2
"182",200,103,10,4,NA,NA,NA,NA
"183",200,106,NA,NA,NA,NA,2,5
"184",200,117,5,3,2,1,10,3
"185",200,136,NA,NA,10,3,1,2
"186",200,2102,NA,NA,45,13,NA,NA
"187",203,102,5,8,NA,NA,NA,NA
"188",203,106,NA,NA,2,1,1,1
"189",203,117,NA,NA,3,1,4,3
"190",203,136,NA,NA,2,1,2,3
"191",203,2102,NA,NA,5,1,3,5
"192",205,102,30,8,5,3,4,4
"193",205,103,10,3,NA,NA,NA,NA
"194",205,106,NA,NA,2,2,2,2
"195",205,107,NA,NA,NA,NA,1,1
"196",205,117,NA,NA,5,2,2,2
"197",205,136,NA,NA,2,3,1,2
"198",211,102,20,10,NA,NA,NA,NA
"199",211,104,10,4,5,13,NA,NA
"200",211,106,15,4,20,3,6,3
"201",211,117,5,3,10,5,7,4
"202",211,136,NA,NA,1,8,3,4
"203",211,2102,NA,NA,15,10,3,14
"204",211,2103,NA,NA,NA,NA,2,3
"205",211,4104,NA,NA,NA,NA,7,7
"206",211,5102,NA,NA,NA,NA,5,1
"207",213,102,50,8,NA,NA,15,2
"208",213,104,10,4,NA,NA,NA,NA
"209",213,106,5,4,20,6,12,5
"210",213,107,10,1,5,1,6,1
"211",213,117,5,3,5,2,7,3
"212",213,136,NA,NA,10,2,6,1
"213",213,2102,NA,NA,40,15,30,14
"214",215,102,40,13,7,1,3,4
"215",215,103,10,5,NA,NA,NA,NA
"216",215,106,10,5,5,4,1,2
"217",215,117,5,3,5,2,4,1
"218",215,136,NA,NA,5,2,NA,NA
"219",215,2102,NA,NA,35,12,NA,NA
"220",217,102,50,12,NA,NA,NA,NA
"221",217,104,5,3,NA,NA,NA,NA
"222",217,106,10,2,10,4,4,4
"223",217,107,5,2,5,1,NA,NA
"224",217,117,10,3,10,1,10,2
"225",217,136,NA,NA,10,2,8,3
"226",217,2102,NA,NA,50,15,40,14
"227",219,102,40,6,NA,NA,NA,NA
"228",219,104,5,3,NA,NA,NA,NA
"229",219,106,40,6,20,7,15,3
"230",219,117,NA,NA,3,1,NA,NA
"231",219,136,NA,NA,10,3,7,3
"232",219,2102,NA,NA,45,10,15,5
"233",227,102,10,15,15,3,NA,NA
"234",227,137,NA,NA,NA,NA,1,2
"235",227,144,NA,NA,5,20,1,8
"236",227,300,NA,NA,NA,NA,5,18
"237",227,1102,NA,NA,10,12,9,17
"238",227,4104,NA,NA,5,18,5,12
"239",227,8102,NA,NA,NA,NA,14,3
"240",229,102,40,3,40,2,65,2
"241",229,106,10,3,10,3,6,3
"242",229,119,5,7,5,10,NA,NA
"243",234,102,35,3,30,2,NA,NA
"244",234,106,15,2,15,2,NA,NA
"245",234,119,5,5,5,10,7,10
"246",234,3102,NA,NA,NA,NA,21,2
"247",234,4104,NA,NA,NA,NA,2,4
"248",236,102,35,5,60,1,NA,NA
"249",236,103,20,7,NA,NA,NA,NA
"250",236,104,NA,NA,7,6,NA,NA
"251",236,106,5,3,5,3,2,3
"252",236,1102,NA,NA,15,16,15,16
"253",236,3102,NA,NA,NA,NA,40,1
"254",236,4104,NA,NA,NA,NA,3,10
"255",236,5102,NA,NA,NA,NA,20,1
"256",241,102,40,7,25,1,NA,NA
"257",241,106,10,3,10,5,4,3
"258",241,117,20,4,10,2,2,3
"259",241,1102,NA,NA,NA,NA,11,18
"260",241,2102,NA,NA,30,10,17,10
"261",241,3102,NA,NA,NA,NA,18,2
"262",241,5102,NA,NA,NA,NA,8,2
"263",242,102,30,10,10,7,NA,NA
"264",242,104,5,3,NA,NA,NA,NA
"265",242,106,30,4,NA,NA,3,3
"266",242,107,5,1,2,1,NA,NA
"267",242,117,15,3,NA,NA,2,3
"268",242,136,NA,NA,2,3,1,2
"269",242,1102,NA,NA,NA,NA,3,11
"270",242,2102,NA,NA,NA,NA,4,7
"271",242,4104,NA,NA,NA,NA,4,3
"272",242,5102,NA,NA,NA,NA,6,2
"273",250,102,50,10,10,1,10,1
"274",250,104,10,4,NA,NA,NA,NA
"275",250,117,15,3,10,2,5,1
"276",250,136,NA,NA,5,4,5,3
"277",250,2102,NA,NA,60,10,55,10
"278",252,102,20,1,5,2,2,1
"279",252,106,15,1,40,3,30,2
"280",252,117,10,1,15,2,5,2
"281",252,8101,NA,NA,5,13,5,15
"282",255,102,20,2,NA,NA,NA,NA
"283",255,104,10,3,NA,NA,NA,NA
"284",255,106,5,2,1,5,NA,NA
"285",255,107,10,1,NA,NA,1,1
"286",255,117,5,2,NA,NA,2,3
"287",255,136,NA,NA,5,2,NA,NA
"288",255,182,NA,NA,NA,NA,3,2
"289",255,5102,NA,NA,15,3,15,2
"290",259,102,40,6,30,1,20,1
"291",259,104,10,3,NA,NA,NA,NA
"292",259,106,10,3,10,4,7,4
"293",259,117,5,2,NA,NA,2,2
"294",259,136,NA,NA,NA,NA,1,2
"295",259,2102,NA,NA,40,10,30,10
"296",260,102,10,1,NA,NA,NA,NA
"297",260,106,5,1,10,5,2,3
"298",260,107,10,1,NA,NA,4,2
"299",260,117,5,1,10,2,1,2
"300",260,136,NA,NA,15,2,NA,NA
"301",260,5102,NA,NA,30,2,9,2
"302",267,102,70,10,25,1,20,1
"303",267,104,10,3,NA,NA,NA,NA
"304",267,106,10,4,15,6,2,3
"305",267,107,5,1,NA,NA,NA,NA
"306",267,117,5,2,15,2,1,2
"307",267,119,NA,NA,1,5,2,4
"308",267,136,NA,NA,5,3,1,2
"309",267,2102,NA,NA,40,10,50,12
"310",277,102,15,3,30,2,NA,NA
"311",277,106,20,4,NA,NA,7,3
"312",277,107,20,1,NA,NA,NA,NA
"313",277,117,10,2,NA,NA,1,2
"314",277,121,NA,NA,NA,NA,1,3
"315",277,136,NA,NA,10,2,NA,NA
"316",277,166,NA,NA,10,3,NA,NA
"317",277,182,NA,NA,NA,NA,3,2
"318",277,5102,NA,NA,NA,NA,45,2
"319",280,102,30,6,20,1,30,4
"320",280,104,20,3,NA,NA,NA,NA
"321",280,106,5,2,NA,NA,1,3
"322",280,107,10,1,NA,NA,NA,NA
"323",280,117,5,2,NA,NA,6,3
"324",280,136,NA,NA,NA,NA,3,3
"325",280,2102,NA,NA,5,8,NA,NA
"326",281,102,30,10,25,1,30,1
"327",281,104,10,2,NA,NA,NA,NA
"328",281,106,15,3,5,4,4,4
"329",281,107,15,1,5,1,5,1
"330",281,117,10,2,10,2,8,3
"331",281,120,NA,NA,10,2,10,2
"332",281,136,NA,NA,5,2,3,2
"333",281,2102,NA,NA,25,13,30,15
"334",281,4101,NA,NA,7,2,NA,NA
"335",283,102,5,2,5,1,NA,NA
"336",283,106,5,2,NA,NA,4,6
"337",283,107,5,1,NA,NA,NA,NA
"338",283,117,NA,NA,NA,NA,6,4
"339",283,119,5,3,NA,NA,NA,NA
"340",283,3102,NA,NA,NA,NA,15,2
"341",283,5102,NA,NA,NA,NA,10,2
"342",290,102,20,1,NA,NA,NA,NA
"343",290,104,5,3,NA,NA,NA,NA
"344",290,106,20,1,40,5,20,4
"345",290,107,15,1,NA,NA,35,1
"346",290,136,NA,NA,30,2,18,3
"347",290,137,NA,NA,15,4,NA,NA
"348",290,4104,NA,NA,5,16,6,12
"349",290,5102,NA,NA,2,2,2,1
"350",293,102,20,8,10,1,39,2
"351",293,104,15,3,NA,NA,NA,NA
"352",293,106,20,5,10,7,6,6
"353",293,107,15,1,20,1,18,1
"354",293,117,10,2,5,2,NA,NA
"355",293,120,NA,NA,NA,NA,2,3
"356",293,136,NA,NA,5,4,2,3
"357",293,2102,NA,NA,30,10,22,11
"358",295,102,40,10,NA,NA,20,2
"359",295,104,10,4,NA,NA,NA,NA
"360",295,106,10,4,10,3,12,5
"361",295,107,NA,NA,NA,NA,2,1
"362",295,117,5,3,5,2,4,4
"363",295,120,NA,NA,25,1,10,2
"364",295,134,NA,NA,10,3,NA,NA
"365",295,136,NA,NA,NA,NA,1,2
"366",295,144,NA,NA,NA,NA,2,2
"367",295,2102,NA,NA,30,14,24,12
"368",295,4104,NA,NA,5,3,NA,NA
"369",297,102,15,4,30,1,50,2
"370",297,104,10,3,NA,NA,NA,NA
"371",297,106,35,4,30,4,20,4
"372",297,107,15,1,15,1,10,1
"373",297,117,10,3,5,2,2,3
"374",297,119,NA,NA,NA,NA,1,4
"375",297,136,NA,NA,3,3,NA,NA
"376",297,2102,NA,NA,10,7,5,6
"377",298,102,25,6,45,1,65,1
"378",298,104,20,4,NA,NA,NA,NA
"379",298,106,20,3,10,3,6,3
"380",298,107,20,1,35,1,24,1
"381",298,117,5,2,3,2,3,3
"382",298,136,NA,NA,7,3,4,3
"383",298,2102,NA,NA,25,15,15,12
"384",301,102,30,10,40,8,10,1
"385",301,104,15,4,NA,NA,NA,NA
"386",301,106,20,4,10,4,8,7
"387",301,117,NA,NA,NA,NA,5,2
"388",301,121,NA,NA,NA,NA,1,3
"389",301,136,NA,NA,5,3,3,2
"390",301,2102,NA,NA,NA,NA,42,10
"391",303,102,40,15,NA,NA,NA,NA
"392",303,104,10,4,NA,NA,NA,NA
"393",303,106,15,4,NA,NA,NA,NA
"394",303,117,10,4,10,3,4,3
"395",303,119,NA,NA,3,6,3,12
"396",303,134,NA,NA,3,5,NA,NA
"397",303,1102,NA,NA,70,17,65,15
"398",303,1134,NA,NA,NA,NA,3,5
"399",303,2102,NA,NA,5,13,NA,NA
"400",308,102,60,10,60,1,60,1
"401",308,104,10,3,NA,NA,NA,NA
"402",308,106,10,3,5,3,2,3
"403",308,136,NA,NA,2,2,2,3
"404",308,2102,NA,NA,10,20,7,15
"405",308,4104,NA,NA,NA,NA,9,12
"406",309,102,20,2,NA,NA,63,2
"407",309,106,40,3,20,4,16,4
"408",309,5102,NA,NA,60,2,NA,NA
"409",310,102,15,2,15,2,17,3
"410",310,106,30,4,10,4,12,4
"411",310,119,10,15,NA,NA,NA,NA
"412",310,121,NA,NA,NA,NA,6,18
"413",310,2950,NA,NA,NA,NA,4,14
"414",312,102,30,13,NA,NA,NA,NA
"415",312,104,10,3,NA,NA,NA,NA
"416",312,106,15,4,30,4,12,4
"417",312,107,5,1,NA,NA,NA,NA
"418",312,136,NA,NA,5,4,8,2
"419",312,1102,NA,NA,NA,NA,9,10
"420",312,2102,NA,NA,30,2,35,2
"421",314,102,NA,NA,35,2,19,2
"422",314,103,45,3,NA,NA,NA,NA
"423",314,115,5,13,5,20,NA,NA
"424",314,119,NA,NA,3,3,4,3
"425",314,122,5,4,NA,NA,NA,NA
"426",314,128,NA,NA,2,1,NA,NA
"427",314,182,NA,NA,NA,NA,2,2
"428",314,200,NA,NA,NA,NA,5,6
"429",314,1139,NA,NA,NA,NA,1,2
"430",314,2950,NA,NA,NA,NA,4,4
"431",314,3115,NA,NA,NA,NA,5,8
"432",314,3155,NA,NA,50,4,35,4
"433",317,103,20,4,NA,NA,NA,NA
"434",317,3155,NA,NA,2,4,2,4
"435",323,102,70,2,10,2,15,2
"436",323,103,5,3,NA,NA,NA,NA
"437",323,106,NA,NA,2,3,NA,NA
"438",323,107,30,1,7,1,10,1
"439",323,117,NA,NA,2,4,2,3
"440",323,121,NA,NA,NA,NA,1,3
"441",323,9104,NA,NA,1,2,NA,NA
"442",324,102,60,2,8,2,NA,NA
"443",324,103,20,3,NA,NA,NA,NA
"444",324,5102,NA,NA,NA,NA,10,2
"445",324,9104,NA,NA,1,2,NA,NA
"446",328,102,15,2,NA,NA,NA,NA
"447",328,104,15,3,NA,NA,NA,NA
"448",328,115,1,3,NA,NA,NA,NA
"449",328,119,5,4,20,8,7,3
"450",328,131,NA,NA,10,3,NA,NA
"451",328,141,NA,NA,50,6,50,1
"452",328,144,NA,NA,10,4,NA,NA
"453",328,1144,NA,NA,NA,NA,25,2
"454",328,1555,NA,NA,NA,NA,4,6
"455",328,2950,NA,NA,NA,NA,40,5
"456",328,3115,NA,NA,NA,NA,3,5
"457",328,4104,NA,NA,20,6,NA,NA
"458",329,103,40,4,NA,NA,NA,NA
"459",329,117,NA,NA,NA,NA,1,1
"460",329,129,20,2,7,1,20,1
"461",329,2109,NA,NA,3,2,NA,NA
"462",329,3109,NA,NA,NA,NA,5,2
"463",329,3155,NA,NA,8,4,20,4
"464",331,102,70,2,NA,NA,20,2
"465",331,103,30,3,NA,NA,NA,NA
"466",331,106,15,4,1,3,NA,NA
"467",331,107,15,1,NA,NA,NA,NA
"468",331,120,NA,NA,15,3,5,3
"469",331,121,NA,NA,NA,NA,1,3
"470",331,136,NA,NA,5,2,NA,NA
"471",331,137,NA,NA,1,2,NA,NA
"472",331,144,NA,NA,1,3,NA,NA
"473",331,1167,NA,NA,NA,NA,1,4
"474",331,2102,NA,NA,1,3,2,4
"475",331,5102,NA,NA,10,3,NA,NA
"476",331,6102,NA,NA,20,3,NA,NA
"477",338,102,NA,NA,10,3,8,3
"478",338,103,30,3,NA,NA,NA,NA
"479",338,119,NA,NA,NA,NA,1,3
"480",338,129,20,1,NA,NA,NA,NA
"481",338,142,NA,NA,NA,NA,10,1
"482",338,155,NA,NA,20,5,20,3
"483",338,2109,NA,NA,5,2,5,2
"484",345,103,30,4,NA,NA,NA,NA
"485",345,129,15,1,NA,NA,NA,NA
"486",345,2109,NA,NA,5,2,5,2
"487",345,3155,NA,NA,7,2,7,2
"488",352,102,75,2,45,2,50,2
"489",352,106,15,4,7,2,NA,NA
"490",352,144,NA,NA,2,3,3,15
"491",352,9104,NA,NA,2,3,NA,NA
"492",354,102,70,2,20,2,30,2
"493",354,103,25,4,NA,NA,NA,NA
"494",354,119,5,7,2,12,2,15
"495",354,182,NA,NA,NA,NA,5,2
"496",354,3155,NA,NA,10,2,NA,NA
"497",363,103,5,3,NA,NA,NA,NA
"498",363,119,NA,NA,5,2,1,4
"499",363,155,NA,NA,NA,NA,1,4
"500",365,102,NA,NA,NA,NA,5,1
"501",365,103,20,4,NA,NA,NA,NA
"502",365,119,NA,NA,5,3,1,3
"503",365,128,NA,NA,1,3,NA,NA
"504",365,129,NA,NA,10,1,12,2
"505",365,144,NA,NA,2,4,NA,NA
"506",365,154,NA,NA,10,2,NA,NA
"507",365,155,NA,NA,20,6,12,4
"508",365,182,NA,NA,NA,NA,2,1
"509",365,2109,NA,NA,10,3,5,3
"510",365,4102,NA,NA,20,2,NA,NA
"511",368,102,25,2,20,2,NA,NA
"512",368,103,5,3,NA,NA,NA,NA
"513",368,106,5,3,NA,NA,4,3
"514",368,107,5,1,NA,NA,NA,NA
"515",368,136,NA,NA,NA,NA,2,3
"516",368,5102,NA,NA,NA,NA,56,2
"517",371,102,25,2,35,3,10,2
"518",371,103,85,4,NA,NA,NA,NA
"519",371,117,NA,NA,NA,NA,1,1
"520",371,121,NA,NA,NA,NA,1,9
"521",371,155,NA,NA,NA,NA,3,2
"522",371,1103,NA,NA,50,4,1,3
"523",371,3155,NA,NA,15,3,NA,NA
"524",382,102,20,10,NA,NA,NA,NA
"525",382,106,10,5,10,5,6,4
"526",382,117,10,4,5,3,7,2
"527",382,1102,NA,NA,NA,NA,3,16
"528",382,2102,NA,NA,20,12,8,1
"529",384,102,75,8,NA,NA,NA,NA
"530",384,106,NA,NA,5,3,8,3
"531",384,107,NA,NA,5,1,3,1
"532",384,117,NA,NA,5,2,5,3
"533",384,136,NA,NA,2,4,5,3
"534",384,2102,NA,NA,20,7,35,14
"535",386,102,40,8,15,1,6,3
"536",386,106,40,6,40,4,5,3
"537",386,107,10,1,NA,NA,NA,NA
"538",386,117,10,4,5,2,NA,NA
"539",386,136,NA,NA,10,3,2,2
"540",386,2102,NA,NA,30,13,12,7
"541",386,8101,NA,NA,NA,NA,2,2
"542",398,102,20,4,25,1,15,2
"543",398,106,30,4,5,3,6,4
"544",398,107,15,1,NA,NA,2,1
"545",398,117,10,3,NA,NA,7,2
"546",398,119,5,15,5,15,NA,NA
"547",402,101,5,4,NA,NA,NA,NA
"548",402,102,10,2,30,1,20,1
"549",402,106,60,6,15,4,6,3
"550",402,107,30,1,15,1,3,1
"551",402,117,NA,NA,NA,NA,4,2
"552",402,2102,NA,NA,5,4,NA,NA
"553",402,8101,NA,NA,NA,NA,3,3
"554",404,106,30,4,15,6,24,5
"555",404,117,1,2,NA,NA,NA,NA
"556",404,2101,NA,NA,2,7,NA,NA
"557",404,8101,NA,NA,NA,NA,8,6
"558",407,102,NA,NA,3,1,NA,NA
"559",407,106,5,6,5,3,3,2
"560",407,129,1,1,NA,NA,NA,NA
"561",407,3121,NA,NA,5,20,NA,NA
"562",407,8101,NA,NA,NA,NA,2,3
"563",411,101,5,2,NA,NA,NA,NA
"564",411,106,20,5,25,5,35,4
"565",412,101,10,3,NA,NA,NA,NA
"566",412,106,60,7,70,5,65,4
"567",412,117,5,4,NA,NA,NA,NA
"568",418,102,NA,NA,30,1,20,2
"569",418,106,90,5,25,6,8,4
"570",418,107,NA,NA,2,1,10,1
"571",418,117,10,2,NA,NA,26,3
"572",418,119,NA,NA,NA,NA,1,10
"573",418,136,NA,NA,NA,NA,2,3
"574",418,2102,NA,NA,70,13,52,10
"575",424,102,30,5,NA,NA,NA,NA
"576",424,106,30,1,20,5,9,4
"577",424,107,30,1,30,2,17,2
"578",424,117,10,2,NA,NA,NA,NA
"579",424,136,NA,NA,10,4,12,4
"580",424,2102,NA,NA,10,10,15,10
"581",424,5102,NA,NA,10,2,60,2
"582",431,102,30,5,NA,NA,NA,NA
"583",431,106,30,2,20,5,18,4
"584",431,107,30,1,NA,NA,NA,NA
"585",431,137,NA,NA,20,2,20,2
"586",431,5102,NA,NA,40,2,22,2
"587",436,102,NA,NA,2,1,NA,NA
"588",436,106,60,3,2,2,3,4
"589",436,117,NA,NA,3,1,2,2
"590",436,119,NA,NA,2,2,NA,NA
"591",436,136,NA,NA,NA,NA,3,3
"592",436,2102,NA,NA,15,11,8,12
"593",436,5102,NA,NA,NA,NA,12,2
"594",439,106,5,1,NA,NA,NA,NA
"595",439,117,NA,NA,NA,NA,2,1
"596",439,119,1,20,5,1,2,5
"597",439,144,NA,NA,NA,NA,1,3
"598",439,5102,NA,NA,30,2,25,2
"599",452,102,30,7,20,1,NA,NA
"600",452,106,20,1,5,2,3,2
"601",452,5102,NA,NA,NA,NA,25,2
"602",453,119,2,25,20,15,5,10
"603",453,128,1,2,5,2,NA,NA
"604",453,144,NA,NA,10,5,7,7
"605",453,154,NA,NA,10,5,1,3
"606",453,179,NA,NA,NA,NA,2,1
"607",453,2950,NA,NA,NA,NA,10,6
"608",454,101,40,13,NA,NA,NA,NA
"609",454,102,30,4,NA,NA,NA,NA
"610",454,106,10,1,10,15,30,4
"611",454,107,NA,NA,NA,NA,6,1
"612",454,119,NA,NA,2,5,2,4
"613",454,142,NA,NA,2,2,2,1
"614",454,2109,NA,NA,2,2,2,3
"615",454,5102,NA,NA,25,5,17,1
"616",454,8101,NA,NA,NA,NA,5,16
"617",458,106,NA,NA,7,5,6,4
"618",461,102,NA,NA,15,2,24,2
"619",461,106,60,3,40,4,28,4
"620",461,107,20,1,5,2,NA,NA
"621",461,136,NA,NA,10,3,4,2
"622",465,102,NA,NA,NA,NA,3,1
"623",465,106,10,5,2,2,2,1
"624",465,119,NA,NA,5,15,3,16
"625",472,106,20,3,10,3,6,3
"626",472,117,NA,NA,NA,NA,5,3
"627",472,4104,NA,NA,5,4,6,4
"628",475,102,NA,NA,15,1,6,1
"629",475,106,30,4,5,2,14,2
"630",475,4104,NA,NA,2,5,3,4
"631",478,106,10,1,5,4,4,4
"632",478,136,NA,NA,5,2,6,3
"633",478,5102,NA,NA,30,2,28,2
"634",479,106,30,4,5,5,10,4
"635",479,107,10,1,NA,NA,4,1
"636",479,5102,NA,NA,30,2,38,2
"637",486,101,5,10,NA,NA,NA,NA
"638",486,106,10,3,10,4,8,4
"639",486,5102,NA,NA,10,3,6,2
"640",486,8101,NA,NA,NA,NA,5,8
"641",490,101,1,10,NA,NA,NA,NA
"642",490,102,5,2,NA,NA,NA,NA
"643",490,104,5,3,NA,NA,NA,NA
"644",490,106,5,6,30,3,10,4
"645",490,112,20,10,5,10,8,9
"646",490,117,1,1,NA,NA,NA,NA
"647",490,119,20,30,20,16,8,17
"648",490,1110,NA,NA,5,2,3,2
"649",490,3144,NA,NA,15,12,8,10
"650",490,8101,NA,NA,3,7,NA,NA
"651",495,102,10,1,25,1,15,1
"652",495,103,10,6,NA,NA,NA,NA
"653",495,106,10,4,5,2,7,3
"654",495,4104,NA,NA,2,2,4,16
"655",499,102,20,3,35,1,NA,NA
"656",499,106,40,7,20,3,20,4
"657",499,127,1,4,NA,NA,NA,NA
"658",499,129,5,1,NA,NA,NA,NA
"659",499,5102,NA,NA,NA,NA,35,1
"660",504,103,10,5,NA,NA,NA,NA
"661",504,104,10,3,NA,NA,NA,NA
"662",504,106,1,4,2,2,5,3
"663",508,101,50,12,15,5,NA,NA
"664",508,102,10,3,5,5,12,1
"665",508,104,5,2,NA,NA,NA,NA
"666",508,106,10,7,NA,NA,NA,NA
"667",508,119,1,4,NA,NA,NA,NA
"668",508,8101,NA,NA,NA,NA,3,3
"669",514,101,60,17,NA,NA,NA,NA
"670",514,102,5,2,3,6,3,1
"671",514,104,5,2,NA,NA,NA,NA
"672",514,106,10,6,5,5,3,2
"673",514,119,NA,NA,NA,NA,3,3
"674",514,127,5,3,NA,NA,NA,NA
"675",514,2128,NA,NA,NA,NA,2,1
"676",514,8101,NA,NA,60,16,23,5
"677",527,102,15,2,15,2,20,2
"678",527,106,5,3,5,3,NA,NA
"679",527,119,1,2,NA,NA,NA,NA
"680",527,5102,NA,NA,NA,NA,15,2
"681",528,102,10,2,NA,NA,15,3
"682",528,106,15,3,10,4,25,4
"683",528,119,5,4,3,10,4,15
"684",528,5101,NA,NA,10,3,NA,NA
"685",530,101,10,9,NA,NA,NA,NA
"686",530,102,40,2,NA,NA,6,2
"687",530,104,5,2,NA,NA,NA,NA
"688",530,106,10,4,1,2,NA,NA
"689",530,117,NA,NA,NA,NA,4,2
"690",530,6102,NA,NA,5,3,NA,NA
"691",530,8101,NA,NA,1,2,2,4
"692",532,106,70,4,20,5,20,5
"693",532,107,30,1,40,2,20,1
"694",532,117,NA,NA,NA,NA,2,2
"695",532,136,NA,NA,3,3,NA,NA
"696",532,5102,NA,NA,10,2,20,2
"697",532,6102,NA,NA,5,3,NA,NA
"698",534,101,55,9,NA,NA,NA,NA
"699",534,102,10,2,20,5,14,2
"700",534,106,20,3,NA,NA,4,2
"701",534,107,10,1,NA,NA,NA,NA
"702",534,8101,NA,NA,NA,NA,8,11
"703",536,102,35,2,NA,NA,10,1
"704",536,106,70,4,20,5,25,3
"705",536,136,NA,NA,1,3,NA,NA
"706",536,155,NA,NA,1,3,NA,NA
"707",536,2156,NA,NA,NA,NA,1,3
"708",536,5102,NA,NA,10,3,30,2
"709",537,102,30,2,NA,NA,40,2
"710",537,106,25,4,30,4,20,3
"711",537,155,NA,NA,2,4,NA,NA
"712",537,2156,NA,NA,NA,NA,2,3
"713",537,5102,NA,NA,60,1,NA,NA
"714",539,101,55,10,NA,NA,NA,NA
"715",539,102,15,2,NA,NA,NA,NA
"716",539,103,10,3,NA,NA,NA,NA
"717",539,106,25,4,15,4,12,4
"718",539,107,10,1,NA,NA,NA,NA
"719",539,136,NA,NA,10,2,NA,NA
"720",539,5102,NA,NA,15,2,12,2
"721",539,8101,NA,NA,1,5,7,10
"722",542,102,60,2,NA,NA,NA,NA
"723",542,103,10,5,NA,NA,NA,NA
"724",542,106,50,4,40,3,18,4
"725",542,136,NA,NA,NA,NA,7,3
"726",542,5102,NA,NA,15,2,30,2
"727",549,102,NA,NA,20,5,5,3
"728",549,103,50,2,NA,NA,NA,NA
"729",549,106,30,4,15,5,20,3
"730",549,5102,NA,NA,NA,NA,35,3
"731",553,101,30,12,NA,NA,NA,NA
"732",553,102,NA,NA,NA,NA,2,1
"733",553,103,20,5,NA,NA,NA,NA
"734",553,106,20,5,5,3,4,3
"735",553,119,NA,NA,NA,NA,3,14
"736",553,121,NA,NA,15,12,7,12
"737",553,129,20,15,NA,NA,NA,NA
"738",553,8101,NA,NA,15,15,10,1
"739",555,101,70,10,NA,NA,NA,NA
"740",555,102,NA,NA,NA,NA,4,1
"741",555,103,35,8,70,10,NA,NA
"742",555,109,NA,NA,2,4,4,3
"743",555,119,5,19,2,19,3,17
"744",555,129,NA,NA,5,2,NA,NA
"745",555,144,NA,NA,NA,NA,16,10
"746",555,155,NA,NA,NA,NA,6,9
"747",555,8101,NA,NA,25,16,14,13
"748",557,101,30,10,NA,NA,NA,NA
"749",557,103,20,6,NA,NA,NA,NA
"750",557,106,10,4,10,5,5,4
"751",557,109,NA,NA,5,4,11,3
"752",557,117,NA,NA,NA,NA,2,2
"753",557,119,NA,NA,2,12,3,9
"754",557,129,60,1,8,2,5,1
"755",557,144,NA,NA,NA,NA,3,4
"756",557,1103,NA,NA,10,5,8,10
"757",557,4104,NA,NA,NA,NA,10,14
"758",557,8101,NA,NA,10,10,55,11
"759",576,109,NA,NA,NA,NA,6,1
"760",578,119,NA,NA,3,13,NA,NA
"761",581,106,5,4,5,5,NA,NA
"762",581,126,NA,NA,NA,NA,5,3
"763",599,103,4,3,NA,NA,NA,NA
"764",599,106,2,2,NA,NA,NA,NA
"765",599,109,NA,NA,5,4,NA,NA
"766",599,119,4,2,3,8,NA,NA
"767",599,129,NA,NA,15,2,NA,NA
"768",599,4104,NA,NA,5,5,2,5
"769",602,102,10,3,NA,NA,NA,NA
"770",602,119,NA,NA,NA,NA,2,2
"771",602,129,NA,NA,10,2,NA,NA
"772",623,106,NA,NA,1,3,3,8
"773",623,109,NA,NA,NA,NA,4,3
"774",623,129,NA,NA,NA,NA,4,2
"775",623,4101,NA,NA,NA,NA,1,3
"776",627,2103,NA,NA,NA,NA,3,4
