"Estadillo","SpeciesID","SpeciesName","CanopySHRNFI2","CanopySHRNFI3","CanopySHRNFI4","HmSHRNFI2","HmSHRNFI3","HmSHRNFI4"
47,102,"Erica spp.",80,NA,NA,15,NA,NA
47,103,"Other papilionoid shrubs (Ht>1.5m)",10,NA,NA,15,NA,NA
47,106,"Calluna vulgaris",NA,15,NA,NA,15,NA
47,137,"Vaccinium myrtillus",NA,15,24,NA,2,2
47,2102,"Erica australis",NA,75,30,NA,15,11
47,4104,"Cytisus spp.",NA,5,NA,NA,12,NA
49,102,"Erica spp.",30,NA,NA,15,NA,NA
49,103,"Other papilionoid shrubs (Ht>1.5m)",10,NA,NA,15,NA,NA
49,121,"Rubus spp.",NA,5,NA,NA,3,NA
49,1102,"Erica arborea",NA,20,4,NA,10,3
49,4104,"Cytisus spp.",NA,10,2,NA,15,2
54,102,"Erica spp.",60,NA,NA,14,NA,NA
54,103,"Other papilionoid shrubs (Ht>1.5m)",15,NA,NA,18,NA,NA
54,137,"Vaccinium myrtillus",NA,20,42,NA,4,3
54,1102,"Erica arborea",NA,75,45,NA,12,15
54,2102,"Erica australis",NA,10,12,NA,12,15
54,4104,"Cytisus spp.",NA,20,2,NA,15,20
66,103,"Other papilionoid shrubs (Ht>1.5m)",10,NA,NA,10,NA,NA
66,119,"Rosa spp.",NA,5,5,NA,15,10
66,122,"Rhamnus spp.",NA,5,NA,NA,15,NA
66,179,"Teucrium fruticans",NA,NA,2,NA,NA,1
66,2950,NA,NA,NA,4,NA,NA,5
66,4104,"Cytisus spp.",NA,10,10,NA,10,10
69,102,"Erica spp.",65,NA,NA,15,NA,NA
69,104,"Other papilionoid shrubs (Ht<1.5m)",15,NA,NA,4,NA,NA
69,117,"Halimium spp.",10,5,1,5,4,3
69,136,"Chamaespartium tridentatum",NA,25,2,NA,5,3
69,2102,"Erica australis",NA,70,80,NA,12,13
72,102,"Erica spp.",60,NA,NA,15,NA,NA
72,103,"Other papilionoid shrubs (Ht>1.5m)",25,NA,NA,20,NA,NA
72,137,"Vaccinium myrtillus",NA,20,60,NA,3,4
72,1102,"Erica arborea",NA,50,30,NA,15,13
72,4104,"Cytisus spp.",NA,10,5,NA,20,15
90,102,"Erica spp.",70,NA,NA,15,NA,NA
90,119,"Rosa spp.",NA,NA,1,NA,NA,3
90,137,"Vaccinium myrtillus",NA,20,15,NA,2,2
90,1102,"Erica arborea",NA,15,7,NA,4,4
90,1555,NA,NA,NA,1,NA,NA,5
94,102,"Erica spp.",70,NA,NA,10,NA,NA
94,103,"Other papilionoid shrubs (Ht>1.5m)",10,NA,NA,8,NA,NA
94,137,"Vaccinium myrtillus",NA,15,21,NA,3,1
94,2102,"Erica australis",NA,60,12,NA,15,10
94,4104,"Cytisus spp.",NA,5,NA,NA,15,NA
109,102,"Erica spp.",10,10,NA,4,3,NA
109,103,"Other papilionoid shrubs (Ht>1.5m)",10,NA,NA,6,NA,NA
109,107,"Arctostaphylos uva-ursi",15,25,25,1,2,2
109,119,"Rosa spp.",15,15,12,15,15,17
109,200,NA,NA,NA,8,NA,NA,10
109,1139,"Juniperus sabina",NA,NA,13,NA,NA,2
109,2110,"Daphne laureola",NA,NA,5,NA,NA,3
109,4104,"Cytisus spp.",NA,10,NA,NA,15,NA
111,102,"Erica spp.",10,NA,NA,14,NA,NA
111,106,"Calluna vulgaris",10,NA,NA,2,NA,NA
111,117,"Halimium spp.",5,NA,NA,2,NA,NA
111,119,"Rosa spp.",NA,NA,1,NA,NA,1
111,2102,"Erica australis",NA,25,39,NA,3,2
113,102,"Erica spp.",10,NA,NA,7,NA,NA
113,103,"Other papilionoid shrubs (Ht>1.5m)",50,NA,NA,7,NA,NA
113,106,"Calluna vulgaris",NA,3,NA,NA,6,NA
113,119,"Rosa spp.",10,10,5,20,8,8
113,121,"Rubus spp.",NA,NA,5,NA,NA,20
113,1102,"Erica arborea",NA,15,20,NA,12,16
113,3121,"Rubus ulmifolius",NA,5,NA,NA,10,NA
113,4103,"Retama spp.",NA,NA,5,NA,NA,5
113,4104,"Cytisus spp.",NA,40,40,NA,15,12
123,103,"Other papilionoid shrubs (Ht>1.5m)",20,NA,NA,15,NA,NA
123,119,"Rosa spp.",10,5,5,10,2,3
123,2110,"Daphne laureola",NA,3,NA,NA,3,NA
123,3155,"Genista scorpius",NA,6,NA,NA,1,NA
123,4103,"Retama spp.",NA,3,NA,NA,3,NA
123,4104,"Cytisus spp.",NA,NA,6,NA,NA,3
125,102,"Erica spp.",70,NA,NA,20,NA,NA
125,103,"Other papilionoid shrubs (Ht>1.5m)",30,NA,NA,20,NA,NA
125,119,"Rosa spp.",NA,1,NA,NA,20,NA
125,137,"Vaccinium myrtillus",NA,75,92,NA,3,3
125,1102,"Erica arborea",NA,90,70,NA,20,20
125,4103,"Retama spp.",NA,5,NA,NA,23,NA
131,103,"Other papilionoid shrubs (Ht>1.5m)",20,NA,NA,15,NA,NA
131,115,"Viburnum spp.",10,5,17,15,18,25
131,119,"Rosa spp.",20,5,8,15,15,30
131,121,"Rubus spp.",NA,3,NA,NA,3,NA
131,4103,"Retama spp.",NA,10,5,NA,5,20
133,4103,"Retama spp.",NA,1,1,NA,2,2
151,103,"Other papilionoid shrubs (Ht>1.5m)",10,NA,NA,15,NA,NA
151,115,"Viburnum spp.",10,3,NA,15,1,NA
151,119,"Rosa spp.",20,7,12,20,19,25
151,121,"Rubus spp.",NA,1,NA,NA,1,NA
151,1167,"Cytisus scoparius",NA,NA,3,NA,NA,5
151,1555,NA,NA,NA,4,NA,NA,25
151,3115,NA,NA,NA,4,NA,NA,4
151,4104,"Cytisus spp.",NA,2,NA,NA,5,NA
154,102,"Erica spp.",NA,2,2,NA,1,1
154,106,"Calluna vulgaris",20,10,12,2,3,3
154,4103,"Retama spp.",NA,1,5,NA,3,9
154,4104,"Cytisus spp.",NA,3,NA,NA,6,NA
160,102,"Erica spp.",5,NA,NA,4,NA,NA
160,103,"Other papilionoid shrubs (Ht>1.5m)",10,NA,NA,10,NA,NA
160,119,"Rosa spp.",5,5,2,10,6,3
160,121,"Rubus spp.",NA,3,2,NA,3,3
160,137,"Vaccinium myrtillus",NA,2,2,NA,2,5
160,144,"Lonicera spp.",NA,2,NA,NA,2,NA
160,2110,"Daphne laureola",NA,NA,1,NA,NA,3
160,4103,"Retama spp.",NA,10,NA,NA,7,NA
160,4104,"Cytisus spp.",NA,NA,3,NA,NA,2
162,102,"Erica spp.",5,4,1,3,2,2
162,103,"Other papilionoid shrubs (Ht>1.5m)",5,NA,NA,8,NA,NA
162,121,"Rubus spp.",NA,2,9,NA,1,1
162,137,"Vaccinium myrtillus",NA,2,NA,NA,2,NA
162,1555,NA,NA,NA,4,NA,NA,3
162,4103,"Retama spp.",NA,3,NA,NA,18,NA
168,102,"Erica spp.",65,NA,65,3,NA,2
168,103,"Other papilionoid shrubs (Ht>1.5m)",1,NA,NA,9,NA,NA
168,119,"Rosa spp.",25,5,2,4,3,3
168,121,"Rubus spp.",NA,5,1,NA,2,4
168,144,"Lonicera spp.",NA,4,2,NA,4,3
168,1102,"Erica arborea",NA,70,NA,NA,3,NA
168,4103,"Retama spp.",NA,4,NA,NA,4,NA
172,102,"Erica spp.",20,3,NA,3,2,NA
172,1167,"Cytisus scoparius",NA,NA,2,NA,NA,3
172,1189,"Cytisus striatus",NA,NA,2,NA,NA,7
172,2950,NA,NA,NA,1,NA,NA,3
172,3102,"Erica ciliaris",NA,NA,4,NA,NA,2
172,4103,"Retama spp.",NA,3,NA,NA,5,NA
173,115,"Viburnum spp.",NA,3,NA,NA,17,NA
173,119,"Rosa spp.",NA,5,2,NA,20,6
173,1167,"Cytisus scoparius",NA,NA,5,NA,NA,15
173,3115,NA,NA,NA,2,NA,NA,5
173,4103,"Retama spp.",NA,3,NA,NA,8,NA
173,4104,"Cytisus spp.",NA,3,NA,NA,12,NA
174,103,"Other papilionoid shrubs (Ht>1.5m)",20,NA,NA,15,NA,NA
174,113,"Phillyrea angustifolia",NA,NA,3,NA,NA,10
174,115,"Viburnum spp.",NA,5,NA,NA,14,NA
174,119,"Rosa spp.",20,8,8,20,22,22
174,121,"Rubus spp.",NA,3,1,NA,3,10
174,144,"Lonicera spp.",NA,5,1,NA,20,2
174,2950,NA,NA,NA,25,NA,NA,10
174,4103,"Retama spp.",NA,15,15,NA,4,5
175,103,"Other papilionoid shrubs (Ht>1.5m)",20,NA,NA,15,NA,NA
175,112,"Ligustrum vulgare",5,7,7,5,15,15
175,115,"Viburnum spp.",5,3,1,15,22,22
175,119,"Rosa spp.",30,30,25,15,20,20
175,121,"Rubus spp.",NA,5,2,NA,10,10
175,129,"Thymus spp.",NA,20,20,NA,1,1
175,131,"Ribes spp.",NA,3,1,NA,8,8
175,144,"Lonicera spp.",NA,5,5,NA,18,2
175,182,"Lithodora sp.",NA,NA,2,NA,NA,2
175,4103,"Retama spp.",NA,20,25,NA,20,15
175,4104,"Cytisus spp.",NA,10,NA,NA,5,NA
181,102,"Erica spp.",30,25,50,2,2,2
181,103,"Other papilionoid shrubs (Ht>1.5m)",40,NA,NA,8,NA,NA
181,119,"Rosa spp.",15,5,2,3,7,6
181,121,"Rubus spp.",NA,7,1,NA,2,4
181,122,"Rhamnus spp.",10,NA,NA,4,NA,NA
181,144,"Lonicera spp.",NA,7,5,NA,12,3
181,2110,"Daphne laureola",NA,5,5,NA,2,2
181,4103,"Retama spp.",NA,10,10,NA,12,12
184,102,"Erica spp.",10,7,15,5,3,2
184,106,"Calluna vulgaris",70,3,8,3,2,4
184,120,"Daboecia cantabrica",NA,3,3,NA,2,2
184,137,"Vaccinium myrtillus",NA,5,8,NA,2,2
184,144,"Lonicera spp.",NA,NA,1,NA,NA,2
184,1102,"Erica arborea",NA,NA,9,NA,NA,25
184,1167,"Cytisus scoparius",NA,NA,3,NA,NA,12
184,2102,"Erica australis",NA,7,NA,NA,20,NA
190,102,"Erica spp.",20,NA,5,2,NA,2
190,104,"Other papilionoid shrubs (Ht<1.5m)",60,NA,NA,3,NA,NA
190,119,"Rosa spp.",NA,2,2,NA,18,15
190,182,"Lithodora sp.",NA,NA,2,NA,NA,2
190,1103,"Ulex spp.",NA,NA,85,NA,NA,6
190,2950,NA,NA,NA,5,NA,NA,12
190,3155,"Genista scorpius",NA,25,5,NA,3,9
193,102,"Erica spp.",5,NA,NA,7,NA,NA
193,103,"Other papilionoid shrubs (Ht>1.5m)",10,NA,NA,16,NA,NA
193,121,"Rubus spp.",NA,5,4,NA,4,1
193,127,"Santolina rosmarinifolia",5,NA,NA,5,NA,NA
193,1102,"Erica arborea",NA,3,NA,NA,3,NA
193,4104,"Cytisus spp.",NA,NA,7,NA,NA,6
194,102,"Erica spp.",10,NA,NA,6,NA,NA
194,103,"Other papilionoid shrubs (Ht>1.5m)",15,NA,NA,16,NA,NA
194,137,"Vaccinium myrtillus",NA,10,NA,NA,2,NA
200,102,"Erica spp.",60,2,5,10,1,2
200,103,"Other papilionoid shrubs (Ht>1.5m)",10,NA,NA,4,NA,NA
200,106,"Calluna vulgaris",NA,NA,2,NA,NA,5
200,117,"Halimium spp.",5,2,10,3,1,3
200,136,"Chamaespartium tridentatum",NA,10,1,NA,3,2
200,2102,"Erica australis",NA,45,NA,NA,13,NA
203,102,"Erica spp.",5,NA,NA,8,NA,NA
203,106,"Calluna vulgaris",NA,2,1,NA,1,1
203,117,"Halimium spp.",NA,3,4,NA,1,3
203,136,"Chamaespartium tridentatum",NA,2,2,NA,1,3
203,2102,"Erica australis",NA,5,3,NA,1,5
205,102,"Erica spp.",30,5,4,8,3,4
205,103,"Other papilionoid shrubs (Ht>1.5m)",10,NA,NA,3,NA,NA
205,106,"Calluna vulgaris",NA,2,2,NA,2,2
205,107,"Arctostaphylos uva-ursi",NA,NA,1,NA,NA,1
205,117,"Halimium spp.",NA,5,2,NA,2,2
205,136,"Chamaespartium tridentatum",NA,2,1,NA,3,2
211,102,"Erica spp.",20,NA,NA,10,NA,NA
211,104,"Other papilionoid shrubs (Ht<1.5m)",10,5,NA,4,13,NA
211,106,"Calluna vulgaris",15,20,6,4,3,3
211,117,"Halimium spp.",5,10,7,3,5,4
211,136,"Chamaespartium tridentatum",NA,1,3,NA,8,4
211,2102,"Erica australis",NA,15,3,NA,10,14
211,2103,"Adenocarpus spp.",NA,NA,2,NA,NA,3
211,4104,"Cytisus spp.",NA,NA,7,NA,NA,7
211,5102,"Erica umbellata",NA,NA,5,NA,NA,1
213,102,"Erica spp.",50,NA,15,8,NA,2
213,104,"Other papilionoid shrubs (Ht<1.5m)",10,NA,NA,4,NA,NA
213,106,"Calluna vulgaris",5,20,12,4,6,5
213,107,"Arctostaphylos uva-ursi",10,5,6,1,1,1
213,117,"Halimium spp.",5,5,7,3,2,3
213,136,"Chamaespartium tridentatum",NA,10,6,NA,2,1
213,2102,"Erica australis",NA,40,30,NA,15,14
215,102,"Erica spp.",40,7,3,13,1,4
215,103,"Other papilionoid shrubs (Ht>1.5m)",10,NA,NA,5,NA,NA
215,106,"Calluna vulgaris",10,5,1,5,4,2
215,117,"Halimium spp.",5,5,4,3,2,1
215,136,"Chamaespartium tridentatum",NA,5,NA,NA,2,NA
215,2102,"Erica australis",NA,35,NA,NA,12,NA
217,102,"Erica spp.",50,NA,NA,12,NA,NA
217,104,"Other papilionoid shrubs (Ht<1.5m)",5,NA,NA,3,NA,NA
217,106,"Calluna vulgaris",10,10,4,2,4,4
217,107,"Arctostaphylos uva-ursi",5,5,NA,2,1,NA
217,117,"Halimium spp.",10,10,10,3,1,2
217,136,"Chamaespartium tridentatum",NA,10,8,NA,2,3
217,2102,"Erica australis",NA,50,40,NA,15,14
219,102,"Erica spp.",40,NA,NA,6,NA,NA
219,104,"Other papilionoid shrubs (Ht<1.5m)",5,NA,NA,3,NA,NA
219,106,"Calluna vulgaris",40,20,15,6,7,3
219,117,"Halimium spp.",NA,3,NA,NA,1,NA
219,136,"Chamaespartium tridentatum",NA,10,7,NA,3,3
219,2102,"Erica australis",NA,45,15,NA,10,5
227,102,"Erica spp.",10,15,NA,15,3,NA
227,137,"Vaccinium myrtillus",NA,NA,1,NA,NA,2
227,144,"Lonicera spp.",NA,5,1,NA,20,8
227,300,NA,NA,NA,5,NA,NA,18
227,1102,"Erica arborea",NA,10,9,NA,12,17
227,4104,"Cytisus spp.",NA,5,5,NA,18,12
227,8102,"Erica umbellata",NA,NA,14,NA,NA,3
229,102,"Erica spp.",40,40,65,3,2,2
229,106,"Calluna vulgaris",10,10,6,3,3,3
229,119,"Rosa spp.",5,5,NA,7,10,NA
234,102,"Erica spp.",35,30,NA,3,2,NA
234,106,"Calluna vulgaris",15,15,NA,2,2,NA
234,119,"Rosa spp.",5,5,7,5,10,10
234,3102,"Erica ciliaris",NA,NA,21,NA,NA,2
234,4104,"Cytisus spp.",NA,NA,2,NA,NA,4
236,102,"Erica spp.",35,60,NA,5,1,NA
236,103,"Other papilionoid shrubs (Ht>1.5m)",20,NA,NA,7,NA,NA
236,104,"Other papilionoid shrubs (Ht<1.5m)",NA,7,NA,NA,6,NA
236,106,"Calluna vulgaris",5,5,2,3,3,3
236,1102,"Erica arborea",NA,15,15,NA,16,16
236,3102,"Erica ciliaris",NA,NA,40,NA,NA,1
236,4104,"Cytisus spp.",NA,NA,3,NA,NA,10
236,5102,"Erica umbellata",NA,NA,20,NA,NA,1
241,102,"Erica spp.",40,25,NA,7,1,NA
241,106,"Calluna vulgaris",10,10,4,3,5,3
241,117,"Halimium spp.",20,10,2,4,2,3
241,1102,"Erica arborea",NA,NA,11,NA,NA,18
241,2102,"Erica australis",NA,30,17,NA,10,10
241,3102,"Erica ciliaris",NA,NA,18,NA,NA,2
241,5102,"Erica umbellata",NA,NA,8,NA,NA,2
242,102,"Erica spp.",30,10,NA,10,7,NA
242,104,"Other papilionoid shrubs (Ht<1.5m)",5,NA,NA,3,NA,NA
242,106,"Calluna vulgaris",30,NA,3,4,NA,3
242,107,"Arctostaphylos uva-ursi",5,2,NA,1,1,NA
242,117,"Halimium spp.",15,NA,2,3,NA,3
242,136,"Chamaespartium tridentatum",NA,2,1,NA,3,2
242,1102,"Erica arborea",NA,NA,3,NA,NA,11
242,2102,"Erica australis",NA,NA,4,NA,NA,7
242,4104,"Cytisus spp.",NA,NA,4,NA,NA,3
242,5102,"Erica umbellata",NA,NA,6,NA,NA,2
250,102,"Erica spp.",50,10,10,10,1,1
250,104,"Other papilionoid shrubs (Ht<1.5m)",10,NA,NA,4,NA,NA
250,117,"Halimium spp.",15,10,5,3,2,1
250,136,"Chamaespartium tridentatum",NA,5,5,NA,4,3
250,2102,"Erica australis",NA,60,55,NA,10,10
252,102,"Erica spp.",20,5,2,1,2,1
252,106,"Calluna vulgaris",15,40,30,1,3,2
252,117,"Halimium spp.",10,15,5,1,2,2
252,8101,"Cistus laurifolius",NA,5,5,NA,13,15
255,102,"Erica spp.",20,NA,NA,2,NA,NA
255,104,"Other papilionoid shrubs (Ht<1.5m)",10,NA,NA,3,NA,NA
255,106,"Calluna vulgaris",5,1,NA,2,5,NA
255,107,"Arctostaphylos uva-ursi",10,NA,1,1,NA,1
255,117,"Halimium spp.",5,NA,2,2,NA,3
255,136,"Chamaespartium tridentatum",NA,5,NA,NA,2,NA
255,182,"Lithodora sp.",NA,NA,3,NA,NA,2
255,5102,"Erica umbellata",NA,15,15,NA,3,2
259,102,"Erica spp.",40,30,20,6,1,1
259,104,"Other papilionoid shrubs (Ht<1.5m)",10,NA,NA,3,NA,NA
259,106,"Calluna vulgaris",10,10,7,3,4,4
259,117,"Halimium spp.",5,NA,2,2,NA,2
259,136,"Chamaespartium tridentatum",NA,NA,1,NA,NA,2
259,2102,"Erica australis",NA,40,30,NA,10,10
260,102,"Erica spp.",10,NA,NA,1,NA,NA
260,106,"Calluna vulgaris",5,10,2,1,5,3
260,107,"Arctostaphylos uva-ursi",10,NA,4,1,NA,2
260,117,"Halimium spp.",5,10,1,1,2,2
260,136,"Chamaespartium tridentatum",NA,15,NA,NA,2,NA
260,5102,"Erica umbellata",NA,30,9,NA,2,2
267,102,"Erica spp.",70,25,20,10,1,1
267,104,"Other papilionoid shrubs (Ht<1.5m)",10,NA,NA,3,NA,NA
267,106,"Calluna vulgaris",10,15,2,4,6,3
267,107,"Arctostaphylos uva-ursi",5,NA,NA,1,NA,NA
267,117,"Halimium spp.",5,15,1,2,2,2
267,119,"Rosa spp.",NA,1,2,NA,5,4
267,136,"Chamaespartium tridentatum",NA,5,1,NA,3,2
267,2102,"Erica australis",NA,40,50,NA,10,12
277,102,"Erica spp.",15,30,NA,3,2,NA
277,106,"Calluna vulgaris",20,NA,7,4,NA,3
277,107,"Arctostaphylos uva-ursi",20,NA,NA,1,NA,NA
277,117,"Halimium spp.",10,NA,1,2,NA,2
277,121,"Rubus spp.",NA,NA,1,NA,NA,3
277,136,"Chamaespartium tridentatum",NA,10,NA,NA,2,NA
277,166,"Rumex lunaria",NA,10,NA,NA,3,NA
277,182,"Lithodora sp.",NA,NA,3,NA,NA,2
277,5102,"Erica umbellata",NA,NA,45,NA,NA,2
280,102,"Erica spp.",30,20,30,6,1,4
280,104,"Other papilionoid shrubs (Ht<1.5m)",20,NA,NA,3,NA,NA
280,106,"Calluna vulgaris",5,NA,1,2,NA,3
280,107,"Arctostaphylos uva-ursi",10,NA,NA,1,NA,NA
280,117,"Halimium spp.",5,NA,6,2,NA,3
280,136,"Chamaespartium tridentatum",NA,NA,3,NA,NA,3
280,2102,"Erica australis",NA,5,NA,NA,8,NA
281,102,"Erica spp.",30,25,30,10,1,1
281,104,"Other papilionoid shrubs (Ht<1.5m)",10,NA,NA,2,NA,NA
281,106,"Calluna vulgaris",15,5,4,3,4,4
281,107,"Arctostaphylos uva-ursi",15,5,5,1,1,1
281,117,"Halimium spp.",10,10,8,2,2,3
281,120,"Daboecia cantabrica",NA,10,10,NA,2,2
281,136,"Chamaespartium tridentatum",NA,5,3,NA,2,2
281,2102,"Erica australis",NA,25,30,NA,13,15
281,4101,"Cistus clusii",NA,7,NA,NA,2,NA
283,102,"Erica spp.",5,5,NA,2,1,NA
283,106,"Calluna vulgaris",5,NA,4,2,NA,6
283,107,"Arctostaphylos uva-ursi",5,NA,NA,1,NA,NA
283,117,"Halimium spp.",NA,NA,6,NA,NA,4
283,119,"Rosa spp.",5,NA,NA,3,NA,NA
283,3102,"Erica ciliaris",NA,NA,15,NA,NA,2
283,5102,"Erica umbellata",NA,NA,10,NA,NA,2
290,102,"Erica spp.",20,NA,NA,1,NA,NA
290,104,"Other papilionoid shrubs (Ht<1.5m)",5,NA,NA,3,NA,NA
290,106,"Calluna vulgaris",20,40,20,1,5,4
290,107,"Arctostaphylos uva-ursi",15,NA,35,1,NA,1
290,136,"Chamaespartium tridentatum",NA,30,18,NA,2,3
290,137,"Vaccinium myrtillus",NA,15,NA,NA,4,NA
290,4104,"Cytisus spp.",NA,5,6,NA,16,12
290,5102,"Erica umbellata",NA,2,2,NA,2,1
293,102,"Erica spp.",20,10,39,8,1,2
293,104,"Other papilionoid shrubs (Ht<1.5m)",15,NA,NA,3,NA,NA
293,106,"Calluna vulgaris",20,10,6,5,7,6
293,107,"Arctostaphylos uva-ursi",15,20,18,1,1,1
293,117,"Halimium spp.",10,5,NA,2,2,NA
293,120,"Daboecia cantabrica",NA,NA,2,NA,NA,3
293,136,"Chamaespartium tridentatum",NA,5,2,NA,4,3
293,2102,"Erica australis",NA,30,22,NA,10,11
295,102,"Erica spp.",40,NA,20,10,NA,2
295,104,"Other papilionoid shrubs (Ht<1.5m)",10,NA,NA,4,NA,NA
295,106,"Calluna vulgaris",10,10,12,4,3,5
295,107,"Arctostaphylos uva-ursi",NA,NA,2,NA,NA,1
295,117,"Halimium spp.",5,5,4,3,2,4
295,120,"Daboecia cantabrica",NA,25,10,NA,1,2
295,134,"Spiraea spp.",NA,10,NA,NA,3,NA
295,136,"Chamaespartium tridentatum",NA,NA,1,NA,NA,2
295,144,"Lonicera spp.",NA,NA,2,NA,NA,2
295,2102,"Erica australis",NA,30,24,NA,14,12
295,4104,"Cytisus spp.",NA,5,NA,NA,3,NA
297,102,"Erica spp.",15,30,50,4,1,2
297,104,"Other papilionoid shrubs (Ht<1.5m)",10,NA,NA,3,NA,NA
297,106,"Calluna vulgaris",35,30,20,4,4,4
297,107,"Arctostaphylos uva-ursi",15,15,10,1,1,1
297,117,"Halimium spp.",10,5,2,3,2,3
297,119,"Rosa spp.",NA,NA,1,NA,NA,4
297,136,"Chamaespartium tridentatum",NA,3,NA,NA,3,NA
297,2102,"Erica australis",NA,10,5,NA,7,6
298,102,"Erica spp.",25,45,65,6,1,1
298,104,"Other papilionoid shrubs (Ht<1.5m)",20,NA,NA,4,NA,NA
298,106,"Calluna vulgaris",20,10,6,3,3,3
298,107,"Arctostaphylos uva-ursi",20,35,24,1,1,1
298,117,"Halimium spp.",5,3,3,2,2,3
298,136,"Chamaespartium tridentatum",NA,7,4,NA,3,3
298,2102,"Erica australis",NA,25,15,NA,15,12
301,102,"Erica spp.",30,40,10,10,8,1
301,104,"Other papilionoid shrubs (Ht<1.5m)",15,NA,NA,4,NA,NA
301,106,"Calluna vulgaris",20,10,8,4,4,7
301,117,"Halimium spp.",NA,NA,5,NA,NA,2
301,121,"Rubus spp.",NA,NA,1,NA,NA,3
301,136,"Chamaespartium tridentatum",NA,5,3,NA,3,2
301,2102,"Erica australis",NA,NA,42,NA,NA,10
303,102,"Erica spp.",40,NA,NA,15,NA,NA
303,104,"Other papilionoid shrubs (Ht<1.5m)",10,NA,NA,4,NA,NA
303,106,"Calluna vulgaris",15,NA,NA,4,NA,NA
303,117,"Halimium spp.",10,10,4,4,3,3
303,119,"Rosa spp.",NA,3,3,NA,6,12
303,134,"Spiraea spp.",NA,3,NA,NA,5,NA
303,1102,"Erica arborea",NA,70,65,NA,17,15
303,1134,NA,NA,NA,3,NA,NA,5
303,2102,"Erica australis",NA,5,NA,NA,13,NA
308,102,"Erica spp.",60,60,60,10,1,1
308,104,"Other papilionoid shrubs (Ht<1.5m)",10,NA,NA,3,NA,NA
308,106,"Calluna vulgaris",10,5,2,3,3,3
308,136,"Chamaespartium tridentatum",NA,2,2,NA,2,3
308,2102,"Erica australis",NA,10,7,NA,20,15
308,4104,"Cytisus spp.",NA,NA,9,NA,NA,12
309,102,"Erica spp.",20,NA,63,2,NA,2
309,106,"Calluna vulgaris",40,20,16,3,4,4
309,5102,"Erica umbellata",NA,60,NA,NA,2,NA
310,102,"Erica spp.",15,15,17,2,2,3
310,106,"Calluna vulgaris",30,10,12,4,4,4
310,119,"Rosa spp.",10,NA,NA,15,NA,NA
310,121,"Rubus spp.",NA,NA,6,NA,NA,18
310,2950,NA,NA,NA,4,NA,NA,14
312,102,"Erica spp.",30,NA,NA,13,NA,NA
312,104,"Other papilionoid shrubs (Ht<1.5m)",10,NA,NA,3,NA,NA
312,106,"Calluna vulgaris",15,30,12,4,4,4
312,107,"Arctostaphylos uva-ursi",5,NA,NA,1,NA,NA
312,136,"Chamaespartium tridentatum",NA,5,8,NA,4,2
312,1102,"Erica arborea",NA,NA,9,NA,NA,10
312,2102,"Erica australis",NA,30,35,NA,2,2
314,102,"Erica spp.",NA,35,19,NA,2,2
314,103,"Other papilionoid shrubs (Ht>1.5m)",45,NA,NA,3,NA,NA
314,115,"Viburnum spp.",5,5,NA,13,20,NA
314,119,"Rosa spp.",NA,3,4,NA,3,3
314,122,"Rhamnus spp.",5,NA,NA,4,NA,NA
314,128,"Helichrysum stoechas",NA,2,NA,NA,1,NA
314,182,"Lithodora sp.",NA,NA,2,NA,NA,2
314,200,NA,NA,NA,5,NA,NA,6
314,1139,"Juniperus sabina",NA,NA,1,NA,NA,2
314,2950,NA,NA,NA,4,NA,NA,4
314,3115,NA,NA,NA,5,NA,NA,8
314,3155,"Genista scorpius",NA,50,35,NA,4,4
317,103,"Other papilionoid shrubs (Ht>1.5m)",20,NA,NA,4,NA,NA
317,3155,"Genista scorpius",NA,2,2,NA,4,4
323,102,"Erica spp.",70,10,15,2,2,2
323,103,"Other papilionoid shrubs (Ht>1.5m)",5,NA,NA,3,NA,NA
323,106,"Calluna vulgaris",NA,2,NA,NA,3,NA
323,107,"Arctostaphylos uva-ursi",30,7,10,1,1,1
323,117,"Halimium spp.",NA,2,2,NA,4,3
323,121,"Rubus spp.",NA,NA,1,NA,NA,3
323,9104,"Genistella spp.",NA,1,NA,NA,2,NA
324,102,"Erica spp.",60,8,NA,2,2,NA
324,103,"Other papilionoid shrubs (Ht>1.5m)",20,NA,NA,3,NA,NA
324,5102,"Erica umbellata",NA,NA,10,NA,NA,2
324,9104,"Genistella spp.",NA,1,NA,NA,2,NA
328,102,"Erica spp.",15,NA,NA,2,NA,NA
328,104,"Other papilionoid shrubs (Ht<1.5m)",15,NA,NA,3,NA,NA
328,115,"Viburnum spp.",1,NA,NA,3,NA,NA
328,119,"Rosa spp.",5,20,7,4,8,3
328,131,"Ribes spp.",NA,10,NA,NA,3,NA
328,141,"Hedera helix",NA,50,50,NA,6,1
328,144,"Lonicera spp.",NA,10,NA,NA,4,NA
328,1144,"Lonicera etrusca",NA,NA,25,NA,NA,2
328,1555,NA,NA,NA,4,NA,NA,6
328,2950,NA,NA,NA,40,NA,NA,5
328,3115,NA,NA,NA,3,NA,NA,5
328,4104,"Cytisus spp.",NA,20,NA,NA,6,NA
329,103,"Other papilionoid shrubs (Ht>1.5m)",40,NA,NA,4,NA,NA
329,117,"Halimium spp.",NA,NA,1,NA,NA,1
329,129,"Thymus spp.",20,7,20,2,1,1
329,2109,"Lavandula stoechas",NA,3,NA,NA,2,NA
329,3109,"Lavandula lanata",NA,NA,5,NA,NA,2
329,3155,"Genista scorpius",NA,8,20,NA,4,4
331,102,"Erica spp.",70,NA,20,2,NA,2
331,103,"Other papilionoid shrubs (Ht>1.5m)",30,NA,NA,3,NA,NA
331,106,"Calluna vulgaris",15,1,NA,4,3,NA
331,107,"Arctostaphylos uva-ursi",15,NA,NA,1,NA,NA
331,120,"Daboecia cantabrica",NA,15,5,NA,3,3
331,121,"Rubus spp.",NA,NA,1,NA,NA,3
331,136,"Chamaespartium tridentatum",NA,5,NA,NA,2,NA
331,137,"Vaccinium myrtillus",NA,1,NA,NA,2,NA
331,144,"Lonicera spp.",NA,1,NA,NA,3,NA
331,1167,"Cytisus scoparius",NA,NA,1,NA,NA,4
331,2102,"Erica australis",NA,1,2,NA,3,4
331,5102,"Erica umbellata",NA,10,NA,NA,3,NA
331,6102,"Erica scoparia",NA,20,NA,NA,3,NA
338,102,"Erica spp.",NA,10,8,NA,3,3
338,103,"Other papilionoid shrubs (Ht>1.5m)",30,NA,NA,3,NA,NA
338,119,"Rosa spp.",NA,NA,1,NA,NA,3
338,129,"Thymus spp.",20,NA,NA,1,NA,NA
338,142,"Helianthemum spp.",NA,NA,10,NA,NA,1
338,155,"Genista spp.",NA,20,20,NA,5,3
338,2109,"Lavandula stoechas",NA,5,5,NA,2,2
345,103,"Other papilionoid shrubs (Ht>1.5m)",30,NA,NA,4,NA,NA
345,129,"Thymus spp.",15,NA,NA,1,NA,NA
345,2109,"Lavandula stoechas",NA,5,5,NA,2,2
345,3155,"Genista scorpius",NA,7,7,NA,2,2
352,102,"Erica spp.",75,45,50,2,2,2
352,106,"Calluna vulgaris",15,7,NA,4,2,NA
352,144,"Lonicera spp.",NA,2,3,NA,3,15
352,9104,"Genistella spp.",NA,2,NA,NA,3,NA
354,102,"Erica spp.",70,20,30,2,2,2
354,103,"Other papilionoid shrubs (Ht>1.5m)",25,NA,NA,4,NA,NA
354,119,"Rosa spp.",5,2,2,7,12,15
354,182,"Lithodora sp.",NA,NA,5,NA,NA,2
354,3155,"Genista scorpius",NA,10,NA,NA,2,NA
363,103,"Other papilionoid shrubs (Ht>1.5m)",5,NA,NA,3,NA,NA
363,119,"Rosa spp.",NA,5,1,NA,2,4
363,155,"Genista spp.",NA,NA,1,NA,NA,4
365,102,"Erica spp.",NA,NA,5,NA,NA,1
365,103,"Other papilionoid shrubs (Ht>1.5m)",20,NA,NA,4,NA,NA
365,119,"Rosa spp.",NA,5,1,NA,3,3
365,128,"Helichrysum stoechas",NA,1,NA,NA,3,NA
365,129,"Thymus spp.",NA,10,12,NA,1,2
365,144,"Lonicera spp.",NA,2,NA,NA,4,NA
365,154,"Dorycnium pentaphyllum",NA,10,NA,NA,2,NA
365,155,"Genista spp.",NA,20,12,NA,6,4
365,182,"Lithodora sp.",NA,NA,2,NA,NA,1
365,2109,"Lavandula stoechas",NA,10,5,NA,3,3
365,4102,"Erica erigena",NA,20,NA,NA,2,NA
368,102,"Erica spp.",25,20,NA,2,2,NA
368,103,"Other papilionoid shrubs (Ht>1.5m)",5,NA,NA,3,NA,NA
368,106,"Calluna vulgaris",5,NA,4,3,NA,3
368,107,"Arctostaphylos uva-ursi",5,NA,NA,1,NA,NA
368,136,"Chamaespartium tridentatum",NA,NA,2,NA,NA,3
368,5102,"Erica umbellata",NA,NA,56,NA,NA,2
371,102,"Erica spp.",25,35,10,2,3,2
371,103,"Other papilionoid shrubs (Ht>1.5m)",85,NA,NA,4,NA,NA
371,117,"Halimium spp.",NA,NA,1,NA,NA,1
371,121,"Rubus spp.",NA,NA,1,NA,NA,9
371,155,"Genista spp.",NA,NA,3,NA,NA,2
371,1103,"Ulex spp.",NA,50,1,NA,4,3
371,3155,"Genista scorpius",NA,15,NA,NA,3,NA
382,102,"Erica spp.",20,NA,NA,10,NA,NA
382,106,"Calluna vulgaris",10,10,6,5,5,4
382,117,"Halimium spp.",10,5,7,4,3,2
382,1102,"Erica arborea",NA,NA,3,NA,NA,16
382,2102,"Erica australis",NA,20,8,NA,12,1
384,102,"Erica spp.",75,NA,NA,8,NA,NA
384,106,"Calluna vulgaris",NA,5,8,NA,3,3
384,107,"Arctostaphylos uva-ursi",NA,5,3,NA,1,1
384,117,"Halimium spp.",NA,5,5,NA,2,3
384,136,"Chamaespartium tridentatum",NA,2,5,NA,4,3
384,2102,"Erica australis",NA,20,35,NA,7,14
386,102,"Erica spp.",40,15,6,8,1,3
386,106,"Calluna vulgaris",40,40,5,6,4,3
386,107,"Arctostaphylos uva-ursi",10,NA,NA,1,NA,NA
386,117,"Halimium spp.",10,5,NA,4,2,NA
386,136,"Chamaespartium tridentatum",NA,10,2,NA,3,2
386,2102,"Erica australis",NA,30,12,NA,13,7
386,8101,"Cistus laurifolius",NA,NA,2,NA,NA,2
398,102,"Erica spp.",20,25,15,4,1,2
398,106,"Calluna vulgaris",30,5,6,4,3,4
398,107,"Arctostaphylos uva-ursi",15,NA,2,1,NA,1
398,117,"Halimium spp.",10,NA,7,3,NA,2
398,119,"Rosa spp.",5,5,NA,15,15,NA
402,101,"Cistus spp.",5,NA,NA,4,NA,NA
402,102,"Erica spp.",10,30,20,2,1,1
402,106,"Calluna vulgaris",60,15,6,6,4,3
402,107,"Arctostaphylos uva-ursi",30,15,3,1,1,1
402,117,"Halimium spp.",NA,NA,4,NA,NA,2
402,2102,"Erica australis",NA,5,NA,NA,4,NA
402,8101,"Cistus laurifolius",NA,NA,3,NA,NA,3
404,106,"Calluna vulgaris",30,15,24,4,6,5
404,117,"Halimium spp.",1,NA,NA,2,NA,NA
404,2101,"Cistus populifolius",NA,2,NA,NA,7,NA
404,8101,"Cistus laurifolius",NA,NA,8,NA,NA,6
407,102,"Erica spp.",NA,3,NA,NA,1,NA
407,106,"Calluna vulgaris",5,5,3,6,3,2
407,129,"Thymus spp.",1,NA,NA,1,NA,NA
407,3121,"Rubus ulmifolius",NA,5,NA,NA,20,NA
407,8101,"Cistus laurifolius",NA,NA,2,NA,NA,3
411,101,"Cistus spp.",5,NA,NA,2,NA,NA
411,106,"Calluna vulgaris",20,25,35,5,5,4
412,101,"Cistus spp.",10,NA,NA,3,NA,NA
412,106,"Calluna vulgaris",60,70,65,7,5,4
412,117,"Halimium spp.",5,NA,NA,4,NA,NA
418,102,"Erica spp.",NA,30,20,NA,1,2
418,106,"Calluna vulgaris",90,25,8,5,6,4
418,107,"Arctostaphylos uva-ursi",NA,2,10,NA,1,1
418,117,"Halimium spp.",10,NA,26,2,NA,3
418,119,"Rosa spp.",NA,NA,1,NA,NA,10
418,136,"Chamaespartium tridentatum",NA,NA,2,NA,NA,3
418,2102,"Erica australis",NA,70,52,NA,13,10
424,102,"Erica spp.",30,NA,NA,5,NA,NA
424,106,"Calluna vulgaris",30,20,9,1,5,4
424,107,"Arctostaphylos uva-ursi",30,30,17,1,2,2
424,117,"Halimium spp.",10,NA,NA,2,NA,NA
424,136,"Chamaespartium tridentatum",NA,10,12,NA,4,4
424,2102,"Erica australis",NA,10,15,NA,10,10
424,5102,"Erica umbellata",NA,10,60,NA,2,2
431,102,"Erica spp.",30,NA,NA,5,NA,NA
431,106,"Calluna vulgaris",30,20,18,2,5,4
431,107,"Arctostaphylos uva-ursi",30,NA,NA,1,NA,NA
431,137,"Vaccinium myrtillus",NA,20,20,NA,2,2
431,5102,"Erica umbellata",NA,40,22,NA,2,2
436,102,"Erica spp.",NA,2,NA,NA,1,NA
436,106,"Calluna vulgaris",60,2,3,3,2,4
436,117,"Halimium spp.",NA,3,2,NA,1,2
436,119,"Rosa spp.",NA,2,NA,NA,2,NA
436,136,"Chamaespartium tridentatum",NA,NA,3,NA,NA,3
436,2102,"Erica australis",NA,15,8,NA,11,12
436,5102,"Erica umbellata",NA,NA,12,NA,NA,2
439,106,"Calluna vulgaris",5,NA,NA,1,NA,NA
439,117,"Halimium spp.",NA,NA,2,NA,NA,1
439,119,"Rosa spp.",1,5,2,20,1,5
439,144,"Lonicera spp.",NA,NA,1,NA,NA,3
439,5102,"Erica umbellata",NA,30,25,NA,2,2
452,102,"Erica spp.",30,20,NA,7,1,NA
452,106,"Calluna vulgaris",20,5,3,1,2,2
452,5102,"Erica umbellata",NA,NA,25,NA,NA,2
453,119,"Rosa spp.",2,20,5,25,15,10
453,128,"Helichrysum stoechas",1,5,NA,2,2,NA
453,144,"Lonicera spp.",NA,10,7,NA,5,7
453,154,"Dorycnium pentaphyllum",NA,10,1,NA,5,3
453,179,"Teucrium fruticans",NA,NA,2,NA,NA,1
453,2950,NA,NA,NA,10,NA,NA,6
454,101,"Cistus spp.",40,NA,NA,13,NA,NA
454,102,"Erica spp.",30,NA,NA,4,NA,NA
454,106,"Calluna vulgaris",10,10,30,1,15,4
454,107,"Arctostaphylos uva-ursi",NA,NA,6,NA,NA,1
454,119,"Rosa spp.",NA,2,2,NA,5,4
454,142,"Helianthemum spp.",NA,2,2,NA,2,1
454,2109,"Lavandula stoechas",NA,2,2,NA,2,3
454,5102,"Erica umbellata",NA,25,17,NA,5,1
454,8101,"Cistus laurifolius",NA,NA,5,NA,NA,16
458,106,"Calluna vulgaris",NA,7,6,NA,5,4
461,102,"Erica spp.",NA,15,24,NA,2,2
461,106,"Calluna vulgaris",60,40,28,3,4,4
461,107,"Arctostaphylos uva-ursi",20,5,NA,1,2,NA
461,136,"Chamaespartium tridentatum",NA,10,4,NA,3,2
465,102,"Erica spp.",NA,NA,3,NA,NA,1
465,106,"Calluna vulgaris",10,2,2,5,2,1
465,119,"Rosa spp.",NA,5,3,NA,15,16
472,106,"Calluna vulgaris",20,10,6,3,3,3
472,117,"Halimium spp.",NA,NA,5,NA,NA,3
472,4104,"Cytisus spp.",NA,5,6,NA,4,4
475,102,"Erica spp.",NA,15,6,NA,1,1
475,106,"Calluna vulgaris",30,5,14,4,2,2
475,4104,"Cytisus spp.",NA,2,3,NA,5,4
478,106,"Calluna vulgaris",10,5,4,1,4,4
478,136,"Chamaespartium tridentatum",NA,5,6,NA,2,3
478,5102,"Erica umbellata",NA,30,28,NA,2,2
479,106,"Calluna vulgaris",30,5,10,4,5,4
479,107,"Arctostaphylos uva-ursi",10,NA,4,1,NA,1
479,5102,"Erica umbellata",NA,30,38,NA,2,2
486,101,"Cistus spp.",5,NA,NA,10,NA,NA
486,106,"Calluna vulgaris",10,10,8,3,4,4
486,5102,"Erica umbellata",NA,10,6,NA,3,2
486,8101,"Cistus laurifolius",NA,NA,5,NA,NA,8
490,101,"Cistus spp.",1,NA,NA,10,NA,NA
490,102,"Erica spp.",5,NA,NA,2,NA,NA
490,104,"Other papilionoid shrubs (Ht<1.5m)",5,NA,NA,3,NA,NA
490,106,"Calluna vulgaris",5,30,10,6,3,4
490,112,"Ligustrum vulgare",20,5,8,10,10,9
490,117,"Halimium spp.",1,NA,NA,1,NA,NA
490,119,"Rosa spp.",20,20,8,30,16,17
490,1110,"Daphne gnidium",NA,5,3,NA,2,2
490,3144,"Lonicera periclymenum",NA,15,8,NA,12,10
490,8101,"Cistus laurifolius",NA,3,NA,NA,7,NA
495,102,"Erica spp.",10,25,15,1,1,1
495,103,"Other papilionoid shrubs (Ht>1.5m)",10,NA,NA,6,NA,NA
495,106,"Calluna vulgaris",10,5,7,4,2,3
495,4104,"Cytisus spp.",NA,2,4,NA,2,16
499,102,"Erica spp.",20,35,NA,3,1,NA
499,106,"Calluna vulgaris",40,20,20,7,3,4
499,127,"Santolina rosmarinifolia",1,NA,NA,4,NA,NA
499,129,"Thymus spp.",5,NA,NA,1,NA,NA
499,5102,"Erica umbellata",NA,NA,35,NA,NA,1
504,103,"Other papilionoid shrubs (Ht>1.5m)",10,NA,NA,5,NA,NA
504,104,"Other papilionoid shrubs (Ht<1.5m)",10,NA,NA,3,NA,NA
504,106,"Calluna vulgaris",1,2,5,4,2,3
508,101,"Cistus spp.",50,15,NA,12,5,NA
508,102,"Erica spp.",10,5,12,3,5,1
508,104,"Other papilionoid shrubs (Ht<1.5m)",5,NA,NA,2,NA,NA
508,106,"Calluna vulgaris",10,NA,NA,7,NA,NA
508,119,"Rosa spp.",1,NA,NA,4,NA,NA
508,8101,"Cistus laurifolius",NA,NA,3,NA,NA,3
514,101,"Cistus spp.",60,NA,NA,17,NA,NA
514,102,"Erica spp.",5,3,3,2,6,1
514,104,"Other papilionoid shrubs (Ht<1.5m)",5,NA,NA,2,NA,NA
514,106,"Calluna vulgaris",10,5,3,6,5,2
514,119,"Rosa spp.",NA,NA,3,NA,NA,3
514,127,"Santolina rosmarinifolia",5,NA,NA,3,NA,NA
514,2128,NA,NA,NA,2,NA,NA,1
514,8101,"Cistus laurifolius",NA,60,23,NA,16,5
527,102,"Erica spp.",15,15,20,2,2,2
527,106,"Calluna vulgaris",5,5,NA,3,3,NA
527,119,"Rosa spp.",1,NA,NA,2,NA,NA
527,5102,"Erica umbellata",NA,NA,15,NA,NA,2
528,102,"Erica spp.",10,NA,15,2,NA,3
528,106,"Calluna vulgaris",15,10,25,3,4,4
528,119,"Rosa spp.",5,3,4,4,10,15
528,5101,"Cistus monspeliensis",NA,10,NA,NA,3,NA
530,101,"Cistus spp.",10,NA,NA,9,NA,NA
530,102,"Erica spp.",40,NA,6,2,NA,2
530,104,"Other papilionoid shrubs (Ht<1.5m)",5,NA,NA,2,NA,NA
530,106,"Calluna vulgaris",10,1,NA,4,2,NA
530,117,"Halimium spp.",NA,NA,4,NA,NA,2
530,6102,"Erica scoparia",NA,5,NA,NA,3,NA
530,8101,"Cistus laurifolius",NA,1,2,NA,2,4
532,106,"Calluna vulgaris",70,20,20,4,5,5
532,107,"Arctostaphylos uva-ursi",30,40,20,1,2,1
532,117,"Halimium spp.",NA,NA,2,NA,NA,2
532,136,"Chamaespartium tridentatum",NA,3,NA,NA,3,NA
532,5102,"Erica umbellata",NA,10,20,NA,2,2
532,6102,"Erica scoparia",NA,5,NA,NA,3,NA
534,101,"Cistus spp.",55,NA,NA,9,NA,NA
534,102,"Erica spp.",10,20,14,2,5,2
534,106,"Calluna vulgaris",20,NA,4,3,NA,2
534,107,"Arctostaphylos uva-ursi",10,NA,NA,1,NA,NA
534,8101,"Cistus laurifolius",NA,NA,8,NA,NA,11
536,102,"Erica spp.",35,NA,10,2,NA,1
536,106,"Calluna vulgaris",70,20,25,4,5,3
536,136,"Chamaespartium tridentatum",NA,1,NA,NA,3,NA
536,155,"Genista spp.",NA,1,NA,NA,3,NA
536,2156,NA,NA,NA,1,NA,NA,3
536,5102,"Erica umbellata",NA,10,30,NA,3,2
537,102,"Erica spp.",30,NA,40,2,NA,2
537,106,"Calluna vulgaris",25,30,20,4,4,3
537,155,"Genista spp.",NA,2,NA,NA,4,NA
537,2156,NA,NA,NA,2,NA,NA,3
537,5102,"Erica umbellata",NA,60,NA,NA,1,NA
539,101,"Cistus spp.",55,NA,NA,10,NA,NA
539,102,"Erica spp.",15,NA,NA,2,NA,NA
539,103,"Other papilionoid shrubs (Ht>1.5m)",10,NA,NA,3,NA,NA
539,106,"Calluna vulgaris",25,15,12,4,4,4
539,107,"Arctostaphylos uva-ursi",10,NA,NA,1,NA,NA
539,136,"Chamaespartium tridentatum",NA,10,NA,NA,2,NA
539,5102,"Erica umbellata",NA,15,12,NA,2,2
539,8101,"Cistus laurifolius",NA,1,7,NA,5,10
542,102,"Erica spp.",60,NA,NA,2,NA,NA
542,103,"Other papilionoid shrubs (Ht>1.5m)",10,NA,NA,5,NA,NA
542,106,"Calluna vulgaris",50,40,18,4,3,4
542,136,"Chamaespartium tridentatum",NA,NA,7,NA,NA,3
542,5102,"Erica umbellata",NA,15,30,NA,2,2
549,102,"Erica spp.",NA,20,5,NA,5,3
549,103,"Other papilionoid shrubs (Ht>1.5m)",50,NA,NA,2,NA,NA
549,106,"Calluna vulgaris",30,15,20,4,5,3
549,5102,"Erica umbellata",NA,NA,35,NA,NA,3
553,101,"Cistus spp.",30,NA,NA,12,NA,NA
553,102,"Erica spp.",NA,NA,2,NA,NA,1
553,103,"Other papilionoid shrubs (Ht>1.5m)",20,NA,NA,5,NA,NA
553,106,"Calluna vulgaris",20,5,4,5,3,3
553,119,"Rosa spp.",NA,NA,3,NA,NA,14
553,121,"Rubus spp.",NA,15,7,NA,12,12
553,129,"Thymus spp.",20,NA,NA,15,NA,NA
553,8101,"Cistus laurifolius",NA,15,10,NA,15,1
555,101,"Cistus spp.",70,NA,NA,10,NA,NA
555,102,"Erica spp.",NA,NA,4,NA,NA,1
555,103,"Other papilionoid shrubs (Ht>1.5m)",35,70,NA,8,10,NA
555,109,"Lavandula spp.",NA,2,4,NA,4,3
555,119,"Rosa spp.",5,2,3,19,19,17
555,129,"Thymus spp.",NA,5,NA,NA,2,NA
555,144,"Lonicera spp.",NA,NA,16,NA,NA,10
555,155,"Genista spp.",NA,NA,6,NA,NA,9
555,8101,"Cistus laurifolius",NA,25,14,NA,16,13
557,101,"Cistus spp.",30,NA,NA,10,NA,NA
557,103,"Other papilionoid shrubs (Ht>1.5m)",20,NA,NA,6,NA,NA
557,106,"Calluna vulgaris",10,10,5,4,5,4
557,109,"Lavandula spp.",NA,5,11,NA,4,3
557,117,"Halimium spp.",NA,NA,2,NA,NA,2
557,119,"Rosa spp.",NA,2,3,NA,12,9
557,129,"Thymus spp.",60,8,5,1,2,1
557,144,"Lonicera spp.",NA,NA,3,NA,NA,4
557,1103,"Ulex spp.",NA,10,8,NA,5,10
557,4104,"Cytisus spp.",NA,NA,10,NA,NA,14
557,8101,"Cistus laurifolius",NA,10,55,NA,10,11
576,109,"Lavandula spp.",NA,NA,6,NA,NA,1
578,119,"Rosa spp.",NA,3,NA,NA,13,NA
581,106,"Calluna vulgaris",5,5,NA,4,5,NA
581,126,"Artemisia spp.",NA,NA,5,NA,NA,3
599,103,"Other papilionoid shrubs (Ht>1.5m)",4,NA,NA,3,NA,NA
599,106,"Calluna vulgaris",2,NA,NA,2,NA,NA
599,109,"Lavandula spp.",NA,5,NA,NA,4,NA
599,119,"Rosa spp.",4,3,NA,2,8,NA
599,129,"Thymus spp.",NA,15,NA,NA,2,NA
599,4104,"Cytisus spp.",NA,5,2,NA,5,5
602,102,"Erica spp.",10,NA,NA,3,NA,NA
602,119,"Rosa spp.",NA,NA,2,NA,NA,2
602,129,"Thymus spp.",NA,10,NA,NA,2,NA
623,106,"Calluna vulgaris",NA,1,3,NA,3,8
623,109,"Lavandula spp.",NA,NA,4,NA,NA,3
623,129,"Thymus spp.",NA,NA,4,NA,NA,2
623,4101,"Cistus clusii",NA,NA,1,NA,NA,3
627,2103,"Adenocarpus spp.",NA,NA,3,NA,NA,4
