"ID","IDmuni","Municipio","IdComarca","Comarca","MUP","tipo_prop","pertenenci","deslindado","amojonado","AreaHa_CO"
"1",34003,"Abia de las Torres",3402,"CAMPOS","Valdelaguna","E.L.M.","E.L.M. de Villorquite de Herrera","No","No",4.95720036803773
"2",34003,"Abia de las Torres",3402,"CAMPOS","Riberas del Río Valdavia en Abia de las Torres","C.A.","C.A. de Castiilla y León","Sí","No",50.742209904543
"3",34004,"Aguilar de Campoo",3407,"AGUILAR","La Corbera","E.L.M.","E.L.M. de Lomilla de Aguilar","No","No",13.2778674686206
"4",34004,"Aguilar de Campoo",3407,"AGUILAR","La Dehesa","Ayto.","Ayto. de Aguilar de Campoo","No","No",119.541940510185
"5",34004,"Aguilar de Campoo",3407,"AGUILAR","Las Matecillas","E.L.M.","E.L.M. de Matamorisca","No","No",78.2193710530626
"6",34004,"Aguilar de Campoo",3407,"AGUILAR","Matarebolledo","E.L.M.","E.L.M. de Rebolledo de la Inera","Sí","Sí",13.3979060206071
"7",34004,"Aguilar de Campoo",3407,"AGUILAR","El Encinar","Ayto.","Ayto. de Aguilar de Campoo","No","No",195.211617465652
"8",34004,"Aguilar de Campoo",3407,"AGUILAR","Las Tuerces, Campo del Pozo, Cuesta Aedo y La Loma","E.L.M.","E.L.M. de Villaescusa de las Torres","No","No",10.9481892773081
"9",34004,"Aguilar de Campoo",3407,"AGUILAR","La Matas","E.L.M.","E.L.M. de Villavega de Aguilar","No","No",111.360693123766
"10",34004,"Aguilar de Campoo",3407,"AGUILAR","Castillo de Gama","Ayto.","Ayto. de Aguilar de Campoo","No","No",414.471140727231
"11",34004,"Aguilar de Campoo",3407,"AGUILAR","La Mata","Ayto.","Ayto. de Brañosera","No","No",5.43481393397199
"12",34004,"Aguilar de Campoo",3407,"AGUILAR","Mata y Robledillo","E.L.M.","E.L.M. de Perazancas de Ojeda","Sí","No",2.85437665768253
"13",34004,"Aguilar de Campoo",3407,"AGUILAR","La Sudria","E.L.M.","E.L.M. de Becerril del Carpio","No","No",1.2335483327508
"14",34004,"Aguilar de Campoo",3407,"AGUILAR","Encinar y otros","E.L.M.","E.L.M. de Nestar","No","No",224.630094484455
"15",34004,"Aguilar de Campoo",3407,"AGUILAR","La Mata","E.L.M.","E.L.M. de Nestar","No","No",86.8813564725936
"16",34004,"Aguilar de Campoo",3407,"AGUILAR","Los Cascajos","E.L.M.","E.L.M. de Renedo de Zalima","No","No",7.1440123311589
"17",34004,"Aguilar de Campoo",3407,"AGUILAR","Los Vallejos","Ayto.","Ayto. de Aguilar de Campoo","No","No",123.518331436411
"18",34004,"Aguilar de Campoo",3407,"AGUILAR","Mesa del Monte","E.L.M.","E.L.M. de Valoria de Aguilar","No","No",239.226509618812
"19",34004,"Aguilar de Campoo",3407,"AGUILAR","Los Corros","E.L.M.","E.L.M. de Barcenilla de Pisuerga","Sí","Sí",6.67172252097689
"20",34004,"Aguilar de Campoo",3407,"AGUILAR","El Castillo y La Serna","Ayto.","Ayto. de Aguilar de Campoo","Sí","Sí",280.344806580122
"21",34004,"Aguilar de Campoo",3407,"AGUILAR","Aguilar","Ayto.","Ayto. de Aguilar de Campoo","Sí","Sí",303.207375437759
"22",34004,"Aguilar de Campoo",3407,"AGUILAR","Mazuelas","E.L.M.","E.L.M. de Matalbaniega","No","No",216.78950224534
"23",34004,"Aguilar de Campoo",3407,"AGUILAR","Las Cuestas","E.L.M.","E.L.M. de Menaza","No","No",114.464435924411
"24",34004,"Aguilar de Campoo",3407,"AGUILAR","Valseca","E.L.M.","E.L.M. de Villacibio","No","No",208.95512269397
"25",34004,"Aguilar de Campoo",3407,"AGUILAR","La Rasa","Ayto.","Ayto. de Aguilar de Campoo","No","No",72.5287379617026
"26",34004,"Aguilar de Campoo",3407,"AGUILAR","Mata del Cuervo","E.L.M.","E.L.M. de Valberzoso","Sí","Sí",49.8202929527199
"27",34004,"Aguilar de Campoo",3407,"AGUILAR","Abajo","E.L.M.","E.L.M. de Salinas de Pisuerga","No","No",1.73748412988416
"28",34004,"Aguilar de Campoo",3407,"AGUILAR","Valdemensur","Ayto.","Ayto. de Aguilar de Campoo","No","No",258.130904836986
"29",34004,"Aguilar de Campoo",3407,"AGUILAR","La Charca","E.L.M.","E.L.M. de Vallespinoso de Aguilar","No","No",948.672063668735
"30",34004,"Aguilar de Campoo",3407,"AGUILAR","El Carrascal","E.L.M.","E.L.M. de Olmos de Ojeda","No","No",1.076840323772
"31",34004,"Aguilar de Campoo",3407,"AGUILAR","La Ruya","E.L.M.","E.L.M. de Barrio de Santa Maria","No","No",337.939516235335
"32",34004,"Aguilar de Campoo",3407,"AGUILAR","Cabadilla","E.L.M.","E.L.M. de Olleros de Pisuerga","No","No",384.075222449471
"33",34004,"Aguilar de Campoo",3407,"AGUILAR","Mataespesa","E.L.M.","E.L.M. de Cillamayor","No","No",10.6414927684969
"34",34004,"Aguilar de Campoo",3407,"AGUILAR","Otero","E.L.M.","E.L.M. de Barrio de Santa Maria","No","No",72.8034961840876
"35",34004,"Aguilar de Campoo",3407,"AGUILAR","La Matas","E.L.M.","E.L.M. de Matamorisca","No","No",118.751989968489
"36",34004,"Aguilar de Campoo",3407,"AGUILAR","Pedreras, Lastra, Campanas y Palomera","E.L.M.","E.L.M. de Cillamayor","No","No",12.1085957957346
"37",34004,"Aguilar de Campoo",3407,"AGUILAR","Verano","Ayto.","Ayto. de Aguilar de Campoo","No","No",11.4340601009596
"38",34004,"Aguilar de Campoo",3407,"AGUILAR","La Mata","E.L.M.","E.L.M. de Matalbaniega","No","No",109.468953882308
"39",34004,"Aguilar de Campoo",3407,"AGUILAR","La Cotorra","E.L.M.","E.L.M. de Barrio de San Pedro","No","No",206.25504776845
"40",34004,"Aguilar de Campoo",3407,"AGUILAR","La Cabrera","E.L.M.","E.L.M. de Villaescusa de Ecla","No","No",10.2796894994053
"41",34004,"Aguilar de Campoo",3407,"AGUILAR","Mandrigo","E.L.M.","E.L.M. de Villanueva de Henares","No","No",510.301605356438
"42",34004,"Aguilar de Campoo",3407,"AGUILAR","Matas del Corral","E.L.M.","E.L.M. de Foldada","No","No",276.992345854188
"43",34004,"Aguilar de Campoo",3407,"AGUILAR","Cortinas y Rupiedras","E.L.M.","E.L.M. de Puentetoma","No","No",218.966233672472
"44",34004,"Aguilar de Campoo",3407,"AGUILAR","Valdelobera","E.L.M.","E.L.M. de Canduela","No","No",259.987470824441
"45",34004,"Aguilar de Campoo",3407,"AGUILAR","Ontañón","E.L.M.","E.L.M. de Corvio","No","No",342.394741378184
"46",34004,"Aguilar de Campoo",3407,"AGUILAR","Mesa del Monte","E.L.M.","E.L.M. de Lomilla de Aguilar","No","No",384.215348003479
"47",34004,"Aguilar de Campoo",3407,"AGUILAR","Royal","Ayto.","Ayto. de Aguilar de Campoo","Sí","Sí",612.096222823932
"48",34004,"Aguilar de Campoo",3407,"AGUILAR","Encinedo y Hoyo","E.L.M.","E.L.M. de Pozancos","Sí","Sí",363.862489745566
"49",34004,"Aguilar de Campoo",3407,"AGUILAR","El Soto","E.L.M.","E.L.M. de Nestar","No","No",182.512814390218
"50",34004,"Aguilar de Campoo",3407,"AGUILAR","Lagunillas","Ayto.","Ayto. de Aguilar de Campoo","Sí","Sí",236.48761908423
"51",34004,"Aguilar de Campoo",3407,"AGUILAR","La Peñilla","E.L.M.","E.L.M. de Cordovilla","No","No",243.006752866944
"52",34005,"Alar del Rey",3404,"BOEDO-OJEDA","La Cabrera","E.L.M.","E.L.M. de Becerril del Carpio","No","No",450.628934910055
"53",34005,"Alar del Rey",3404,"BOEDO-OJEDA","La Costana","E.L.M.","E.L.M. de Becerril del Carpio","No","No",114.671827476739
"54",34005,"Alar del Rey",3404,"BOEDO-OJEDA","La Cabrera","E.L.M.","E.L.M. de Nogales de Pisuerga","No","No",274.232580504931
"55",34005,"Alar del Rey",3404,"BOEDO-OJEDA","Cabadilla","E.L.M.","E.L.M. de Olleros de Pisuerga","No","No",3.24762308055384
"56",34005,"Alar del Rey",3404,"BOEDO-OJEDA","Allende","E.L.M.","E.L.M. de Becerril del Carpio","No","No",142.714958056828
"57",34005,"Alar del Rey",3404,"BOEDO-OJEDA","El Carrascal","Ayto.","Ayto. de Prádanos de Ojeda","No","No",3.32483466851393
"58",34005,"Alar del Rey",3404,"BOEDO-OJEDA","Socastillo y Balodomera","E.L.M.","E.L.M. de Becerril del Carpio","No","No",219.978078785985
"59",34005,"Alar del Rey",3404,"BOEDO-OJEDA","La Sudria","E.L.M.","E.L.M. de Becerril del Carpio","No","No",291.310522634051
"60",34005,"Alar del Rey",3404,"BOEDO-OJEDA","La Cabrera","E.L.M.","E.L.M. de Villaescusa de Ecla","No","No",15.9362492197568
"61",34005,"Alar del Rey",3404,"BOEDO-OJEDA","Valdelagos","E.L.M.","E.L.M. de Nogales de Pisuerga","No","No",359.990901470877
"62",34005,"Alar del Rey",3404,"BOEDO-OJEDA","La Hoya","E.L.M.","E.L.M. de Becerril del Carpio","No","No",229.577454492736
"63",34015,"Arconada",3402,"CAMPOS",NA,NA,NA,NA,NA,NA
"64",34020,"Ayuela",3403,"SALDAÑA-VALDAVIA","Páramo y Majada","E.L.M.","E.L.M. de Carbonera","Sí","Sí",4.42570213108982
"65",34020,"Ayuela",3403,"SALDAÑA-VALDAVIA","Trasotero y Rabanillo","Ayto.","Ayto. de Tabanera de Valdavia","No","No",10.6664894934256
"66",34020,"Ayuela",3403,"SALDAÑA-VALDAVIA","Reznalillos","Ayto.","Ayto. de Tabanera de Valdavia","No","No",2.89837261570338
"67",34020,"Ayuela",3403,"SALDAÑA-VALDAVIA","Soto de Abajo","Ayto.","Ayto. de Ayuela","No","No",236.623928580578
"68",34020,"Ayuela",3403,"SALDAÑA-VALDAVIA","Cuesta, Páramo y Picones","E.L.M.","E.L.M. de Valderrabano","No","No",1.99937043609452
"69",34020,"Ayuela",3403,"SALDAÑA-VALDAVIA","Santa María de la Vega","Ayto.","Ayto. de Ayuela","No","No",4.58544810663787
"70",34020,"Ayuela",3403,"SALDAÑA-VALDAVIA","Rodiles","Ayto.","Ayto. de Buenavista de Valdavia","No","No",1.04132448706825
"71",34020,"Ayuela",3403,"SALDAÑA-VALDAVIA","Bascarrión","Entidad Asociativa","Ayto. de Tabanera de Valdavia,Ayto. de Ayuela,E.L.M. de Villasur","No","No",1090.3718101111
"72",34020,"Ayuela",3403,"SALDAÑA-VALDAVIA","Soto de Arriba","Ayto.","Ayto. de Ayuela","No","No",175.547322740056
"73",34020,"Ayuela",3403,"SALDAÑA-VALDAVIA","Cotarro y Matalasmonjas","E.L.M.","E.L.M. de Villasur","Sí","Sí",1.64359349306952
"74",34025,"Bárcena de Campos",3402,"CAMPOS","Arriba","E.L.M.","E.L.M. de Santa Cruz del Monte","No","No",8.59878561600931
"75",34025,"Bárcena de Campos",3402,"CAMPOS","Vallespinoso y Valdelaguna","E.L.M.","E.L.M. de Villameriel","Sí","Sí",3.99426825123015
"76",34025,"Bárcena de Campos",3402,"CAMPOS","Duque","Entidad Asociativa","E.L.M. de Santa Cruz del Monte,Ayto. de Bárcena de Campos","Sí","Sí",248.603004270217
"77",34025,"Bárcena de Campos",3402,"CAMPOS","Riberas del Río Valdavia en Bárcena de Campos","C.A.","C.A. de Castiilla y León","Sí","No",29.0880092203334
"78",34025,"Bárcena de Campos",3402,"CAMPOS","Concejo","Ayto.","Ayto. de Bárcena de Campos","No","No",184.014470362758
"79",34027,"Barruelo de Santullán",3407,"AGUILAR","Arriba","E.L.M.","E.L.M. de Salinas de Pisuerga","No","No",1.17756611318961
"80",34027,"Barruelo de Santullán",3407,"AGUILAR","Las Matas","E.L.M.","E.L.M. de Villanueva de la Torre","No","No",202.785286161622
"81",34027,"Barruelo de Santullán",3407,"AGUILAR","Allende","E.L.M.","E.L.M. de Brañosera","Sí","Sí",28.6380202429927
"82",34027,"Barruelo de Santullán",3407,"AGUILAR","Barbadillo","E.L.M.","E.L.M. de Revilla de Santullan","Sí","Sí",380.691552688685
"83",34027,"Barruelo de Santullán",3407,"AGUILAR","Los Campillos","E.L.M.","E.L.M. de Villabellaco","No","No",422.457605299827
"84",34027,"Barruelo de Santullán",3407,"AGUILAR","La Dehesa","E.L.M.","E.L.M. de Barruelo de Santullán","Sí","Sí",235.272584383571
"85",34027,"Barruelo de Santullán",3407,"AGUILAR","Mata del Cuervo","E.L.M.","E.L.M. de Valberzoso","Sí","Sí",1.44368791084383
"86",34027,"Barruelo de Santullán",3407,"AGUILAR","Pedreras, Lastra, Campanas y Palomera","E.L.M.","E.L.M. de Cillamayor","No","No",113.927362487343
"87",34027,"Barruelo de Santullán",3407,"AGUILAR","El Otero","E.L.M.","E.L.M. de Cillamayor","No","No",145.424860182595
"88",34027,"Barruelo de Santullán",3407,"AGUILAR","Matabuena","E.L.M.","E.L.M. de Matabuena","No","No",247.042352627579
"89",34027,"Barruelo de Santullán",3407,"AGUILAR","Grande (Monte)","E.L.M.","E.L.M. de Barruelo de Santullán","No","No",81.8313566906268
"90",34027,"Barruelo de Santullán",3407,"AGUILAR","Rebollar","E.L.M.","E.L.M. de Bustillo de Santullan","No","No",193.161182550198
"91",34027,"Barruelo de Santullán",3407,"AGUILAR","La Sierra","E.L.M.","E.L.M. de Porquera de Santullan","No","No",311.988010690385
"92",34027,"Barruelo de Santullán",3407,"AGUILAR","Cepeda","E.L.M.","E.L.M. de Verbios","Sí","Sí",184.16587069537
"93",34027,"Barruelo de Santullán",3407,"AGUILAR","Mataespesa","E.L.M.","E.L.M. de Cillamayor","No","No",289.34214103907
"94",34027,"Barruelo de Santullán",3407,"AGUILAR","La Mata","E.L.M.","E.L.M. de Porquera de Santullán","No","No",67.9457128246313
"95",34027,"Barruelo de Santullán",3407,"AGUILAR","La Mata","Ayto.","Ayto. de Brañosera","No","No",8.0394273287703
"96",34027,"Barruelo de Santullán",3407,"AGUILAR","Las Matas","E.L.M.","E.L.M. de Monasterio","No","No",9.48187530922186
"97",34027,"Barruelo de Santullán",3407,"AGUILAR","Mayor","E.L.M.","E.L.M. de Salcedillo","Sí","Sí",3.89908482378027
"98",34027,"Barruelo de Santullán",3407,"AGUILAR","Terradillos","E.L.M.","E.L.M. de Nava de Santullan","No","No",160.568621937163
"99",34027,"Barruelo de Santullán",3407,"AGUILAR","La Mata","E.L.M.","E.L.M. de Valle de Santullan","No","No",3.76696481374349
"100",34028,"Báscones de Ojeda",3404,"BOEDO-OJEDA","Bostal","Ayto.","Ayto. de Báscones de Ojeda","Sí","Sí",471.896477936564
"101",34028,"Báscones de Ojeda",3404,"BOEDO-OJEDA","Indiviso","Ayto.","Ayto. de La Puebla de Valdavia","No","No",2.97967581603361
"102",34028,"Báscones de Ojeda",3404,"BOEDO-OJEDA","Comayancos","Ayto.","Ayto. de Revilla de Collazos","Sí","Sí",8.07867430650947
"103",34028,"Báscones de Ojeda",3404,"BOEDO-OJEDA","Cabomonte y Corralejos","Ayto.","Ayto. de Báscones de Ojeda","No","No",372.611005335313
"104",34028,"Báscones de Ojeda",3404,"BOEDO-OJEDA","Mayor","Ayto.","Ayto. de Buenavista de Valdavia","Sí","Sí",2.71343809205834
"105",34028,"Báscones de Ojeda",3404,"BOEDO-OJEDA","Cuestalavid","Ayto.","Ayto. de La Vid de Ojeda","No","No",2.06453303425373
"106",34028,"Báscones de Ojeda",3404,"BOEDO-OJEDA","Abajo y Arriba","E.L.M.","E.L.M. de Oteros de Boedo","No","No",1.82796582598245
"107",34034,"Boadilla del Camino",3402,"CAMPOS",NA,NA,NA,NA,NA,NA
"108",34037,"Buenavista de Valdavia",3403,"SALDAÑA-VALDAVIA","Mayor","Ayto.","Ayto. de Buenavista de Valdavia","Sí","Sí",922.236390876077
"109",34037,"Buenavista de Valdavia",3403,"SALDAÑA-VALDAVIA","Comayancos","Ayto.","Ayto. de Revilla de Collazos","Sí","Sí",5.15306947781218
"110",34037,"Buenavista de Valdavia",3403,"SALDAÑA-VALDAVIA","Montecillo, Páramo y Cuesta","E.L.M.","E.L.M. de Arenillas de San Pelayo","Sí","Sí",566.75257876737
"111",34037,"Buenavista de Valdavia",3403,"SALDAÑA-VALDAVIA","Cabomonte y Corralejos","Ayto.","Ayto. de Báscones de Ojeda","No","No",5.68286053812284
"112",34037,"Buenavista de Valdavia",3403,"SALDAÑA-VALDAVIA","Soto de Abajo","Ayto.","Ayto. de Ayuela","No","No",1.62255900286296
"113",34037,"Buenavista de Valdavia",3403,"SALDAÑA-VALDAVIA","Mayor","Ayto.","Ayto. de La Puebla de Valdavia","No","No",88.0115482898725
"114",34037,"Buenavista de Valdavia",3403,"SALDAÑA-VALDAVIA","El Cerrillo","E.L.M.","E.L.M. de Polvorosa de Valdavia","Sí","Sí",551.577452900571
"115",34037,"Buenavista de Valdavia",3403,"SALDAÑA-VALDAVIA","Valdemoro","Ayto.","Ayto. de La Puebla de Valdavia","Sí","Sí",152.087312745657
"116",34037,"Buenavista de Valdavia",3403,"SALDAÑA-VALDAVIA","Roscales","E.L.M.","E.L.M. de Cornoncillo","No","No",69.0075149317071
"117",34037,"Buenavista de Valdavia",3403,"SALDAÑA-VALDAVIA","Santa María de la Vega","Ayto.","Ayto. de Ayuela","No","No",173.781490714061
"118",34037,"Buenavista de Valdavia",3403,"SALDAÑA-VALDAVIA","Santa María de la Vega","Ayto.","Ayto. de Tabanera de Valdavia","No","No",139.934691244099
"119",34037,"Buenavista de Valdavia",3403,"SALDAÑA-VALDAVIA","Rodiles","Ayto.","Ayto. de Buenavista de Valdavia","No","No",1094.13789858128
"120",34037,"Buenavista de Valdavia",3403,"SALDAÑA-VALDAVIA","Santa María de la Vega","Ayto.","Ayto. de Buenavista de Valdavia","No","No",251.727058467898
"121",34037,"Buenavista de Valdavia",3403,"SALDAÑA-VALDAVIA","El Coto y los Paules","Ayto.","Ayto. de Tabanera de Valdavia","Sí","Sí",4.40308019710422
"122",34037,"Buenavista de Valdavia",3403,"SALDAÑA-VALDAVIA","Santa María de la Vega","E.L.M.","E.L.M. de Cornoncillo","No","No",96.0494769464674
"123",34037,"Buenavista de Valdavia",3403,"SALDAÑA-VALDAVIA","Alto y Agregados","Ayto.","Ayto. de Buenavista de Valdavia","Sí","Sí",732.827671988365
"124",34038,"Bustillo de la Vega",3403,"SALDAÑA-VALDAVIA",NA,NA,NA,NA,NA,NA
"125",34039,"Bustillo del Páramo de Carrión",3403,"SALDAÑA-VALDAVIA","Matasahagún y Valdeseñor","Aytos.","Ayto. de Bustillo del Páramo de Carrión y Ayto. de Villamoronta","No","No",395.284046589425
"126",34041,"Calahorra de Boedo",3404,"BOEDO-OJEDA","Mayor y Rebollo","Ayto.","Ayto. de Calahorra de Boedo","Sí","Sí",446.273692618534
"127",34042,"Calzada de los Molinos",3402,"CAMPOS",NA,NA,NA,NA,NA,NA
"128",34047,"Carrión de los Condes",3402,"CAMPOS",NA,NA,NA,NA,NA,NA
"129",34049,"Castrejón de la Peña",3406,"CERVERA","Espinar y Bardal","E.L.M.","E.L.M. de Riosmenudos de la Peña","No","No",15.0369514103329
"130",34049,"Castrejón de la Peña",3406,"CERVERA","Matacajista","Ayto.","Ayto. de Castrejón de la Peña","No","No",47.9444230649562
"131",34049,"Castrejón de la Peña",3406,"CERVERA","Hayedo","E.L.M.","E.L.M. de Dehesa de Montejo","No","No",6.85634114030853
"132",34049,"Castrejón de la Peña",3406,"CERVERA","Matavallejo","E.L.M.","E.L.M. de Cubillo de Castrejon","Sí","Sí",117.295903360344
"133",34049,"Castrejón de la Peña",3406,"CERVERA","Peña Redonda y Torras del Quemado","E.L.M.","E.L.M. de Traspeña de la Peña","Sí","Sí",964.925394130079
"134",34049,"Castrejón de la Peña",3406,"CERVERA","La Mata","E.L.M.","E.L.M. de Villanueva de la Peña","No","No",429.372505699579
"135",34049,"Castrejón de la Peña",3406,"CERVERA","Vallejas Hondas y Villalonga","E.L.M.","E.L.M. de Tarilonte de la Peña","No","No",1.12899877460268
"136",34049,"Castrejón de la Peña",3406,"CERVERA","Álvaro","E.L.M.","E.L.M. de Pison de Castrejon","No","No",360.46170142846
"137",34049,"Castrejón de la Peña",3406,"CERVERA","Cabadilla","E.L.M.","E.L.M. de Loma de Castrejon","Sí","Sí",332.228196702912
"138",34049,"Castrejón de la Peña",3406,"CERVERA","La Dehesa y Peña Cantoral","Ayto.","Ayto. de Castrejón de la Peña","No","No",182.923288041212
"139",34049,"Castrejón de la Peña",3406,"CERVERA","Dehesa del Monte","E.L.M.","E.L.M. de San Martin de los Herreros","No","No",9.16412804885544
"140",34049,"Castrejón de la Peña",3406,"CERVERA","Canavigel","Ayto.","Ayto. de Cervera de Pisuerga","No","No",5.25087140949501
"141",34049,"Castrejón de la Peña",3406,"CERVERA","Indiviso","Entidad Asociativa","Ayto. de Castrejón de la Peña,E.L.M. de Villanueva de la Peña,E.L.M. de Traspeña de la Peña,E.L.M. de Cubillo de Castrejon,E.L.M. de Loma de Castrejon,E.L.M. de Recueva de la Peña,E.L.M. de Pison de Castrejon,E.L.M. de Castrejon de la Peña,E.L.M.","Sí","Sí",1271.53703361617
"142",34049,"Castrejón de la Peña",3406,"CERVERA","Cueva Grande, Fuente Pepe, Las Corraletas, y Valles","E.L.M.","E.L.M. de Villanueva de la Peña","No","No",702.306029301382
"143",34049,"Castrejón de la Peña",3406,"CERVERA","Los Terreros","Ayto.","Ayto. de Castrejón de la Peña","No","No",38.1843688063621
"144",34049,"Castrejón de la Peña",3406,"CERVERA","Ojascal","E.L.M.","E.L.M. de Roscales de la Peña","Sí","Sí",889.213962425981
"145",34049,"Castrejón de la Peña",3406,"CERVERA","Alto","E.L.M.","E.L.M. de Castrejon de la Peña","Sí","Sí",547.315028246824
"146",34049,"Castrejón de la Peña",3406,"CERVERA","El Escobar","E.L.M.","E.L.M. de Recueva de la Peña","No","No",152.492115850114
"147",34049,"Castrejón de la Peña",3406,"CERVERA","Las Rozas","E.L.M.","E.L.M. de Colmenares de Ojeda","No","No",2.80440091268564
"148",34052,"Castrillo de Villavega",3402,"CAMPOS","Riberas del Río Valdavia en Castrillo de Villavega","C.A.","C.A. de Castiilla y León","Sí","No",46.0515332978228
"149",34055,"Cervatos de la Cueza",3402,"CAMPOS","Cerra y Valle","E.L.M.","E.L.M. de Calzadilla de la Cueza","No","No",161.704319918125
"150",34055,"Cervatos de la Cueza",3402,"CAMPOS","Carraco, Matalavilla y Roturos","Ayto.","Ayto. de Ledigos","No","No",1.69538686398366
"151",34055,"Cervatos de la Cueza",3402,"CAMPOS","Matasahagún y Valdeseñor","Aytos.","Ayto. de Bustillo del Páramo de Carrión y Ayto. de Villamoronta","No","No",4.69144800029577
"152",34056,"Cervera de Pisuerga",3406,"CERVERA","Ciruelo","Entidad Asociativa","Ayto. de Mudá, E.L.M. de San Cebrian de Muda","Sí","Sí",18.7476013673909
"153",34056,"Cervera de Pisuerga",3406,"CERVERA","Barcena","E.L.M.","E.L.M. de Arbejal","No","No",771.518121132882
"154",34056,"Cervera de Pisuerga",3406,"CERVERA","Puerto Valdenievas","E.L.M.","E.L.M. de Vidrieros","No","No",1.33235691792851
"155",34056,"Cervera de Pisuerga",3406,"CERVERA","Millares","E.L.M.","E.L.M. de Resoba","No","No",459.202385162165
"156",34056,"Cervera de Pisuerga",3406,"CERVERA","Matacorva y Monte Alto","E.L.M.","E.L.M. de Celada de Roblecedo","No","No",729.2779591526
"157",34056,"Cervera de Pisuerga",3406,"CERVERA","Dehesa y Quemado","E.L.M.","E.L.M. de Verdeña","No","No",305.822968607655
"158",34056,"Cervera de Pisuerga",3406,"CERVERA","Abajo","E.L.M.","E.L.M. de Rabanal de los Caballeros","No","No",168.987324045214
"159",34056,"Cervera de Pisuerga",3406,"CERVERA","Lomba del Pozo","E.L.M.","E.L.M de San Juan de Redondo, E.L.M. de Santa María de Redondo","No","No",33.269290464743
"160",34056,"Cervera de Pisuerga",3406,"CERVERA","Rebollar o las Rozas","E.L.M.","E.L.M. de Rueda de Pisuerga","No","No",177.100370433721
"161",34056,"Cervera de Pisuerga",3406,"CERVERA","La Dehesa","E.L.M.","E.L.M. de Estalaya","No","No",200.270147855395
"162",34056,"Cervera de Pisuerga",3406,"CERVERA","El Hoyal","E.L.M.","E.L.M. de Ligüérzana","No","No",270.295763693565
"163",34056,"Cervera de Pisuerga",3406,"CERVERA","Carracedo","Ayto.","Ayto. de Cervera de Pisuerga","No","No",205.649173400547
"164",34056,"Cervera de Pisuerga",3406,"CERVERA","La Mata","E.L.M.","E.L.M. de Montoto de Ojeda","No","No",2.68344901731148
"165",34056,"Cervera de Pisuerga",3406,"CERVERA","Caldelaserias","E.L.M.","E.L.M. de Resoba","No","No",459.419645853988
"166",34056,"Cervera de Pisuerga",3406,"CERVERA","Recuencos","E.L.M.","E.L.M. de Ruesga","No","No",677.552794045211
"167",34056,"Cervera de Pisuerga",3406,"CERVERA","La Loma y Ballabar","Entidad Asociativa","E.L.M. de Verdeña, E.L.M. de Estalaya","No","No",330.937103933589
"168",34056,"Cervera de Pisuerga",3406,"CERVERA","Usadía","Entidad Asociativa","E.L.M. de Resoba,E.L.M. de Santibañez de la Peña","No","No",268.162895348276
"169",34056,"Cervera de Pisuerga",3406,"CERVERA","Puerto de Loma Redonda","E.L.M.","E.L.M. de La Lastra","No","No",4.99443450837785
"170",34056,"Cervera de Pisuerga",3406,"CERVERA","Dehesa","E.L.M.","E.L.M. de San Salvador de Cantamuda","No","No",10.4569624277981
"171",34056,"Cervera de Pisuerga",3406,"CERVERA","El Cadéramo","E.L.M.","E.L.M. de Quintanaluengos","No","No",273.835192572231
"172",34056,"Cervera de Pisuerga",3406,"CERVERA","La Cotorra","E.L.M.","E.L.M. de Barrio de San Pedro","No","No",4.52491281521667
"173",34056,"Cervera de Pisuerga",3406,"CERVERA","Dehesa de Valderresoba","E.L.M.","E.L.M. de Ventanilla","Sí","Sí",274.973418799646
"174",34056,"Cervera de Pisuerga",3406,"CERVERA","Robledo","E.L.M.","E.L.M. de Perazancas de Ojeda","No","No",276.049863748629
"175",34056,"Cervera de Pisuerga",3406,"CERVERA","Paovida","E.L.M.","E.L.M. de Vado","No","No",5.63735106047613
"176",34056,"Cervera de Pisuerga",3406,"CERVERA","Brezal del Cerro","E.L.M.","E.L.M. de Ligüérzana","No","No",216.577324967805
"177",34056,"Cervera de Pisuerga",3406,"CERVERA","Tremedal","Ayto.","Ayto. de Cervera de Pisuerga","No","No",101.154680169054
"178",34056,"Cervera de Pisuerga",3406,"CERVERA","La Lera","E.L.M.","E.L.M. de Cubillo de Ojeda","No","No",271.692507092727
"179",34056,"Cervera de Pisuerga",3406,"CERVERA","Los Corros","E.L.M.","E.L.M. de Barcenilla de Pisuerga","Sí","Sí",592.163850666891
"180",34056,"Cervera de Pisuerga",3406,"CERVERA","Laguna","Ayto.","Ayto. de Polentinos","Sí","Sí",7.12269301195052
"181",34056,"Cervera de Pisuerga",3406,"CERVERA","Matabustillo","Ayto.","Ayto. de Mudá","No","No",4.90941466621216
"182",34056,"Cervera de Pisuerga",3406,"CERVERA","Arriba","E.L.M.","E.L.M. de Rabanal de los Caballeros","No","No",241.523683753305
"183",34056,"Cervera de Pisuerga",3406,"CERVERA","Hayedo","E.L.M.","E.L.M. de Dehesa de Montejo","No","No",7.59636651818926
"184",34056,"Cervera de Pisuerga",3406,"CERVERA","Los Bardales","E.L.M.","E.L.M. de Resoba","Sí","Sí",129.680161259887
"185",34056,"Cervera de Pisuerga",3406,"CERVERA","Canavigel","Ayto.","Ayto. de Cervera de Pisuerga","No","No",1275.33714536862
"186",34056,"Cervera de Pisuerga",3406,"CERVERA","Palacios","Ayto.","Ayto. de Cervera de Pisuerga","No","No",1270.54527345717
"187",34056,"Cervera de Pisuerga",3406,"CERVERA","Mataquemado y Bardales","Ayto.","Ayto. de Mudá","No","No",1.3396235416618
"188",34056,"Cervera de Pisuerga",3406,"CERVERA","Dehesa Valdearbejal","E.L.M.","E.L.M. de San Martin de los Herreros","No","No",179.479247197399
"189",34056,"Cervera de Pisuerga",3406,"CERVERA","Pradomegido y Mata","E.L.M.","E.L.M. de Vallespinoso de Cervera","No","No",235.87221661661
"190",34056,"Cervera de Pisuerga",3406,"CERVERA","Paralaña","E.L.M.","E.L.M. de Gramedo","No","No",154.609409227235
"191",34056,"Cervera de Pisuerga",3406,"CERVERA","La Dehesa","Ayto.","Ayto. de Cervera de Pisuerga","Sí","Sí",89.30081222711
"192",34056,"Cervera de Pisuerga",3406,"CERVERA","Celada y Montealegre","E.L.M.","E.L.M. de Ventanilla","No","No",476.990430248151
"193",34056,"Cervera de Pisuerga",3406,"CERVERA","Dehesa Cabriles","E.L.M.","E.L.M. de Vidrieros","No","No",4.29931154523338
"194",34056,"Cervera de Pisuerga",3406,"CERVERA","Avellanar","E.L.M.","E.L.M. de Celada de Roblecedo","No","No",195.313252360384
"195",34056,"Cervera de Pisuerga",3406,"CERVERA","Matarroyal","E.L.M.","E.L.M. de San Salvador de Cantamuda","Sí","Sí",9.21029555924982
"196",34056,"Cervera de Pisuerga",3406,"CERVERA","Yesta (La)","E.L.M.","E.L.M. de Vañes","No","No",133.093678626409
"197",34056,"Cervera de Pisuerga",3406,"CERVERA","Saruño","E.L.M.","E.L.M. de Vidrieros","No","No",3.88980686252078
"198",34056,"Cervera de Pisuerga",3406,"CERVERA","Montes Claros","E.L.M.","E.L.M. de Vado","Sí","Sí",6.46844304817103
"199",34056,"Cervera de Pisuerga",3406,"CERVERA","La Ruya","E.L.M.","E.L.M. de Barrio de Santa Maria","No","No",11.3208122190801
"200",34056,"Cervera de Pisuerga",3406,"CERVERA","Los Sotos y Rocedo","E.L.M.","E.L.M. de Herreruela de Castilleria","No","No",292.403838545589
"201",34056,"Cervera de Pisuerga",3406,"CERVERA","La Robla","Ayto.","Ayto. de Cervera de Pisuerga","Sí","Sí",376.471813871093
"202",34056,"Cervera de Pisuerga",3406,"CERVERA","La Pedrosa","E.L.M.","E.L.M. de Brañosera","Sí","Sí",1.318316460284
"203",34056,"Cervera de Pisuerga",3406,"CERVERA","Dehesa de Boyal","E.L.M.","E.L.M. de Valsadornin","No","No",286.432997891433
"204",34056,"Cervera de Pisuerga",3406,"CERVERA","La Mata","E.L.M.","E.L.M. de Resoba","No","No",132.409180076286
"205",34056,"Cervera de Pisuerga",3406,"CERVERA","La Dehesa de Villanueva","Ayto.","Ayto. de Cervera de Pisuerga","No","No",310.814797938785
"206",34056,"Cervera de Pisuerga",3406,"CERVERA","Allende","Ayto.","Ayto. de Polentinos","No","No",33.335773363692
"207",34056,"Cervera de Pisuerga",3406,"CERVERA","Dehesa del Monte","E.L.M.","E.L.M. de San Martin de los Herreros","No","No",1230.03033780295
"208",34056,"Cervera de Pisuerga",3406,"CERVERA","Abajo","E.L.M.","E.L.M. de Salinas de Pisuerga","No","No",3.28387220724142
"209",34056,"Cervera de Pisuerga",3406,"CERVERA","Corisa","E.L.M.","E.L.M. de Herreruela de Castilleria","No","No",192.461611052775
"210",34056,"Cervera de Pisuerga",3406,"CERVERA","Los Aceros","E.L.M.","E.L.M. de San Felices de Castilleria","No","No",243.043345755871
"211",34056,"Cervera de Pisuerga",3406,"CERVERA","Monderio","Entidad Asociativa","E.L.M. de Resoba,E.L.M. de Arbejal,Ayto. de Cervera de Pisuerga","No","No",161.152300589721
"212",34056,"Cervera de Pisuerga",3406,"CERVERA","Los Pradillos","E.L.M.","E.L.M. de Vergaño","No","No",14.1719437697525
"213",34056,"Cervera de Pisuerga",3406,"CERVERA","Pineda Pumar","E.L.M.","E.L.M. de San Salvador de Cantamuda","No","No",5.79313726235833
"214",34056,"Cervera de Pisuerga",3406,"CERVERA","Dehesa de Avellanos","E.L.M.","E.L.M. de Celada de Roblecedo","No","No",437.680046552813
"215",34056,"Cervera de Pisuerga",3406,"CERVERA","El Valle","E.L.M.","E.L.M. de Quintanaluengos","No","No",134.029931068548
"216",34056,"Cervera de Pisuerga",3406,"CERVERA","Mata y Robledillo","E.L.M.","E.L.M. de Perazancas de Ojeda","Sí","No",362.931330356666
"217",34056,"Cervera de Pisuerga",3406,"CERVERA","Matalabada","E.L.M.","E.L.M. de Estalaya","No","No",165.80282204474
"218",34056,"Cervera de Pisuerga",3406,"CERVERA","Montecillo y Quemado","E.L.M.","E.L.M. de San Felices de Castilleria","No","No",419.257370323563
"219",34056,"Cervera de Pisuerga",3406,"CERVERA","Matas del Corral","E.L.M.","E.L.M. de Foldada","No","No",1.6293466548916
"220",34056,"Cervera de Pisuerga",3406,"CERVERA","La Dehesa","E.L.M.","E.L.M. de Ruesga","No","No",131.955459039892
"221",34056,"Cervera de Pisuerga",3406,"CERVERA","Acebal","E.L.M.","E.L.M. de Vañes","No","No",317.490649769232
"222",34061,"Collazos de Boedo",3404,"BOEDO-OJEDA","Fuente Ortuño","Ayto.","Ayto. de Dehesa de Romanos","No","No",3.63882967212295
"223",34061,"Collazos de Boedo",3404,"BOEDO-OJEDA","Cuesta Castrillo","E.L.M.","E.L.M. de Villavega de Ojeda","No","No",3.05940597228445
"224",34061,"Collazos de Boedo",3404,"BOEDO-OJEDA","Martinejas","Ayto.","Ayto. de Olea de Boedo","No","No",7.80173577935664
"225",34061,"Collazos de Boedo",3404,"BOEDO-OJEDA","Mojón del Fraile","Ayto.","Ayto. de La Vid de Ojeda","No","No",43.2773316109139
"226",34061,"Collazos de Boedo",3404,"BOEDO-OJEDA","La Cuesta","Ayto.","Ayto. de Revilla de Collazos","No","No",4.9633377608078
"227",34061,"Collazos de Boedo",3404,"BOEDO-OJEDA","Montecillo","Ayto.","Ayto. de Olea de Boedo","No","No",1.0337160557352
"228",34061,"Collazos de Boedo",3404,"BOEDO-OJEDA","Gallillo","E.L.M.","E.L.M. de Collazos de Boedo","Sí","Sí",383.57512220469
"229",34061,"Collazos de Boedo",3404,"BOEDO-OJEDA","Arriba","E.L.M.","E.L.M. de Collazos de Boedo","No","No",118.803963614976
"230",34061,"Collazos de Boedo",3404,"BOEDO-OJEDA","Abajo y Arriba","E.L.M.","E.L.M. de Oteros de Boedo","No","No",430.244418210409
"231",34061,"Collazos de Boedo",3404,"BOEDO-OJEDA","Corral y Agregados","E.L.M.","E.L.M. de San Martin del Monte","Sí","Sí",4.25350714322126
"232",34061,"Collazos de Boedo",3404,"BOEDO-OJEDA","Los Montecillos","Ayto.","Ayto. de Micieces de Ojeda","Sí","Sí",5.14381875373563
"233",34061,"Collazos de Boedo",3404,"BOEDO-OJEDA","Cuestalavid","Ayto.","Ayto. de La Vid de Ojeda","No","No",38.9065309449754
"234",34062,"Congosto de Valdavia",3403,"SALDAÑA-VALDAVIA","Bascarrión","Entidad Asociativa","Ayto. de Tabanera de Valdavia,Ayto. de Ayuela,E.L.M. de Villasur","No","No",14.2467090742475
"235",34062,"Congosto de Valdavia",3403,"SALDAÑA-VALDAVIA","Bardal","E.L.M.","E.L.M. de Baños de la Peña","No","No",7.88491949629368
"236",34062,"Congosto de Valdavia",3403,"SALDAÑA-VALDAVIA","Solana","E.L.M.","E.L.M. de Cornoncillo","No","No",92.1007001364204
"237",34062,"Congosto de Valdavia",3403,"SALDAÑA-VALDAVIA","Roscales","E.L.M.","E.L.M. de Cornoncillo","No","No",315.359661414006
"238",34062,"Congosto de Valdavia",3403,"SALDAÑA-VALDAVIA","Indiviso","Entidad Asociativa","Ayto. de Castrejón de la Peña,E.L.M. de Villanueva de la Peña,E.L.M. de Traspeña de la Peña,E.L.M. de Cubillo de Castrejon,E.L.M. de Loma de Castrejon,E.L.M. de Recueva de la Peña,E.L.M. de Pison de Castrejon,E.L.M. de Castrejon de la Peña,E.L.M.","Sí","Sí",6.41133925902974
"239",34062,"Congosto de Valdavia",3403,"SALDAÑA-VALDAVIA","Pentinela y Valdemorata","E.L.M.","E.L.M. de Fontecha","Sí","Sí",2.95802276128009
"240",34062,"Congosto de Valdavia",3403,"SALDAÑA-VALDAVIA","Ojascal","E.L.M.","E.L.M. de Roscales de la Peña","Sí","Sí",4.7992728616152
"241",34062,"Congosto de Valdavia",3403,"SALDAÑA-VALDAVIA","Montecillo y Solana","E.L.M.","E.L.M. de Villanueva de Abajo","No","No",72.0651126276667
"242",34062,"Congosto de Valdavia",3403,"SALDAÑA-VALDAVIA","Cabanillas","E.L.M.","E.L.M. de Baños de la Peña","Sí","Sí",5.07946355972066
"243",34062,"Congosto de Valdavia",3403,"SALDAÑA-VALDAVIA","El Coto y los Paules","Ayto.","Ayto. de Tabanera de Valdavia","Sí","Sí",4.80465547517147
"244",34062,"Congosto de Valdavia",3403,"SALDAÑA-VALDAVIA","Santa María de la Vega","E.L.M.","E.L.M. de Cornoncillo","No","No",4.17479381629657
"245",34062,"Congosto de Valdavia",3403,"SALDAÑA-VALDAVIA","Valdemorata y Roscales","E.L.M.","E.L.M. de Villanueva de Abajo","Sí","Sí",2172.12762638332
"246",34062,"Congosto de Valdavia",3403,"SALDAÑA-VALDAVIA","Indiviso","Ayto.","Ayto. de Congosto de Valdavia","No","No",235.030088318278
"247",34062,"Congosto de Valdavia",3403,"SALDAÑA-VALDAVIA","Cotorro, Rebollón y Soto","Ayto.","Ayto. de Congosto de Valdavia","No","No",959.61434369216
"248",34062,"Congosto de Valdavia",3403,"SALDAÑA-VALDAVIA","La Rozada","Ayto.","Ayto. de Congosto de Valdavia","No","No",418.991758318946
"249",34067,"Dehesa de Montejo",3406,"CERVERA","La Lera","E.L.M.","E.L.M. de Cubillo de Ojeda","No","No",2.84699916867008
"250",34067,"Dehesa de Montejo",3406,"CERVERA","Paovida","E.L.M.","E.L.M. de Vado","No","No",279.53111129146
"251",34067,"Dehesa de Montejo",3406,"CERVERA","Hayedo","E.L.M.","E.L.M. de Dehesa de Montejo","No","No",572.413736052164
"252",34067,"Dehesa de Montejo",3406,"CERVERA","Peña Redonda y Torras del Quemado","E.L.M.","E.L.M. de Traspeña de la Peña","Sí","Sí",6.30075631248346
"253",34067,"Dehesa de Montejo",3406,"CERVERA","La Robla","Ayto.","Ayto. de Cervera de Pisuerga","Sí","Sí",15.5458228380117
"254",34067,"Dehesa de Montejo",3406,"CERVERA","Valdecastro","E.L.M.","E.L.M. de Colmenares de Ojeda","No","No",302.165245362189
"255",34067,"Dehesa de Montejo",3406,"CERVERA","Valdeur","E.L.M.","E.L.M. de Dehesa de Montejo","No","No",564.957310294651
"256",34067,"Dehesa de Montejo",3406,"CERVERA","Mata Alta","E.L.M.","E.L.M. de Dehesa de Montejo","No","No",90.127576427154
"257",34067,"Dehesa de Montejo",3406,"CERVERA","Valparaíso","E.L.M.","E.L.M. de Amayuelas de Ojeda","No","No",1.40906007625088
"258",34067,"Dehesa de Montejo",3406,"CERVERA","Dehesa del Monte","E.L.M.","E.L.M. de San Martin de los Herreros","No","No",1.66335721202344
"259",34067,"Dehesa de Montejo",3406,"CERVERA","Indiviso","Entidad Asociativa","Ayto. de Castrejón de la Peña,E.L.M. de Villanueva de la Peña,E.L.M. de Traspeña de la Peña,E.L.M. de Cubillo de Castrejon,E.L.M. de Loma de Castrejon,E.L.M. de Recueva de la Peña,E.L.M. de Pison de Castrejon,E.L.M. de Castrejon de la Peña,E.L.M.","Sí","Sí",17.8806711045656
"260",34067,"Dehesa de Montejo",3406,"CERVERA","Montes Claros","E.L.M.","E.L.M. de Vado","Sí","Sí",135.083654668779
"261",34067,"Dehesa de Montejo",3406,"CERVERA","Brezal del Cerro","E.L.M.","E.L.M. de Ligüérzana","No","No",2.91930549777202
"262",34067,"Dehesa de Montejo",3406,"CERVERA","Las Rozas","E.L.M.","E.L.M. de Colmenares de Ojeda","No","No",434.00096837558
"263",34067,"Dehesa de Montejo",3406,"CERVERA","Los Illares","E.L.M.","E.L.M. de Dehesa de Montejo","No","No",254.185136409773
"264",34068,"Dehesa de Romanos",3404,"BOEDO-OJEDA","Arriba","E.L.M.","E.L.M. de Collazos de Boedo","No","No",1.10991928249481
"265",34068,"Dehesa de Romanos",3404,"BOEDO-OJEDA","Montecillo","Ayto.","Ayto. de La Vid de Ojeda","No","No",1.73195779185082
"266",34068,"Dehesa de Romanos",3404,"BOEDO-OJEDA","Fuente Ortuño","Ayto.","Ayto. de Dehesa de Romanos","No","No",663.140439027879
"267",34071,"Espinosa de Villagonzalo",3402,"CAMPOS","El Ejido","Ayto.","Ayto. de Espinosa de Villagonzalo","Sí","Sí",119.723146565616
"268",34071,"Espinosa de Villagonzalo",3402,"CAMPOS","Fuente María","Ayto.","Ayto. de Espinosa de Villagonzalo","Sí","Sí",203.588408014359
"269",34071,"Espinosa de Villagonzalo",3402,"CAMPOS","Bayala y agregados","Ayto.","Ayto. de Villaprovedo","Sí","Sí",3.23357145820204
"270",34071,"Espinosa de Villagonzalo",3402,"CAMPOS","Bayala","Ayto.","Ayto. de Espinosa de Villagonzalo","Sí","Sí",973.240870973378
"271",34073,"Fresno del Río",3405,"GUARDO","Páramo del Otro Lado","Ayto.","Ayto. de Villalba de Guardo","No","No",3.4583057198917
"272",34073,"Fresno del Río",3405,"GUARDO","Páramo del Este","E.L.M.","E.L.M. de Pino del Rio","No","No",3.57169186176714
"273",34073,"Fresno del Río",3405,"GUARDO","El Soto","Ayto.","Ayto. de Fresno del Río","Sí","Sí",2373.9396256541
"274",34073,"Fresno del Río",3405,"GUARDO","Páramo del Oeste","E.L.M.","E.L.M. de Pino del Rio","No","No",37.3243575733983
"275",34073,"Fresno del Río",3405,"GUARDO","Bascarrión","Entidad Asociativa","Ayto. de Tabanera de Valdavia,Ayto. de Ayuela,E.L.M. de Villasur","No","No",1.65089188789092
"276",34073,"Fresno del Río",3405,"GUARDO","Sotos de Arriba y Abajo","E.L.M.","E.L.M. de Pino del Rio","No","No",2.26236888180077
"277",34073,"Fresno del Río",3405,"GUARDO","Los Vallejos","Ayto.","Ayto. de Fresno del Río","Sí","Sí",283.146093679237
"278",34074,"Frómista",3402,"CAMPOS",NA,NA,NA,NA,NA,NA
"279",34080,"Guardo",3405,"GUARDO","Peña Mayor","Ayto.","Ayto. de Velilla del Río Carrión","Sí","No",13.2803955922577
"280",34080,"Guardo",3405,"GUARDO","Los Lanchares","Ayto.","Ayto. de Velilla del Río Carrión","Sí","Sí",15.1674665870859
"281",34080,"Guardo",3405,"GUARDO","Corcos y agregados","Ayto.","Ayto. de Guardo","Sí","Sí",1544.22850855493
"282",34080,"Guardo",3405,"GUARDO","Pedrosillo, Redondillo y Laguna","Ayto.","Ayto. de Mantinos","No","No",1.72828601392012
"283",34080,"Guardo",3405,"GUARDO","Fuente la Virgen, Campanario y Peña Mañana","E.L.M.","E.L.M. de Santibañez de la Peña","No","No",10.1690179887116
"284",34080,"Guardo",3405,"GUARDO","Conejeras","Ayto.","Ayto. de Guardo","No","No",385.927542892244
"285",34080,"Guardo",3405,"GUARDO","Peña Mayor, Peña Rasgada, Peña Blanca y La Paradeja","Ayto.","Ayto. de Guardo","Sí","No",529.897194401036
"286",34080,"Guardo",3405,"GUARDO","Páramo del Otro Lado","Ayto.","Ayto. de Villalba de Guardo","No","No",1.06585654220339
"287",34080,"Guardo",3405,"GUARDO","Páramo de la Mimbre","Ayto.","Ayto. de Mantinos","No","No",3.81143352782785
"288",34080,"Guardo",3405,"GUARDO","La Rozadilla","Ayto.","Ayto. de Guardo","Sí","Sí",297.085077491809
"289",34080,"Guardo",3405,"GUARDO","Las Majadas","Ayto.","Ayto. de Guardo","No","No",161.796338583472
"290",34080,"Guardo",3405,"GUARDO","La Llana","Ayto.","Ayto. de Guardo","No","No",179.632332369638
"291",34080,"Guardo",3405,"GUARDO","Alto","E.L.M.","E.L.M. de Villanueva de Arriba","Sí","Sí",4.16423338771258
"292",34080,"Guardo",3405,"GUARDO","Pedrosillo","Ayto.","Ayto. de Guardo","No","No",167.687525638799
"293",34080,"Guardo",3405,"GUARDO","Cuestona, Majadilla y otros","Ayto.","Ayto. de Mantinos","Sí","Sí",6.7905343489967
"294",34080,"Guardo",3405,"GUARDO","Camporredondo","Entidad Asociativa","E.L.M. de Villanueva de Arriba, E.L.M. de Villaoliva de la Peña","No","No",26.0976134339069
"295",34080,"Guardo",3405,"GUARDO","Valdecastro","Ayto.","Ayto. de Guardo","Sí","Sí",567.230213280045
"296",34080,"Guardo",3405,"GUARDO","Flecha y Majada de San Juan","Ayto.","Ayto. de Mantinos","No","No",3.97615643103709
"297",34080,"Guardo",3405,"GUARDO","Matas del Río","Ayto.","Ayto. de Guardo","No","No",118.725937617726
"298",34080,"Guardo",3405,"GUARDO","Valdeostillos","Ayto.","Ayto. de Mantinos","No","No",10.4793433325875
"299",34083,"Herrera de Pisuerga",3404,"BOEDO-OJEDA","Cuesta Terrazo","E.L.M.","E.L.M. de Hijosa de Boedo","No","No",27.8747532729845
"300",34083,"Herrera de Pisuerga",3404,"BOEDO-OJEDA","Fuente María","Ayto.","Ayto. de Espinosa de Villagonzalo","Sí","Sí",1.27241942205972
"301",34083,"Herrera de Pisuerga",3404,"BOEDO-OJEDA","Montecillo","E.L.M.","E.L.M. de Naveros de Pisuerga","Sí","Sí",133.133567283756
"302",34083,"Herrera de Pisuerga",3404,"BOEDO-OJEDA","La Dehesilla","E.L.M.","E.L.M. de Olmos de Pisuerga","Sí","Sí",274.372502306544
"303",34083,"Herrera de Pisuerga",3404,"BOEDO-OJEDA","Otero Butres","E.L.M.","E.L.M. de Hijosa de Boedo","Sí","Sí",20.0224294044179
"304",34083,"Herrera de Pisuerga",3404,"BOEDO-OJEDA","Valdemorata","E.L.M.","E.L.M. de Naveros de Pisuerga","Sí","Sí",38.7243043951885
"305",34083,"Herrera de Pisuerga",3404,"BOEDO-OJEDA","San Zornil","E.L.M.","E.L.M. de Olmos de Pisuerga","Sí","Sí",587.968481781546
"306",34083,"Herrera de Pisuerga",3404,"BOEDO-OJEDA","Las Corraleras","E.L.M.","E.L.M. de Ventosa de Pisuerga","Sí","Sí",535.10550721744
"307",34089,"Itero de la Vega",3402,"CAMPOS",NA,NA,NA,NA,NA,NA
"308",34091,"Lagartos",3403,"SALDAÑA-VALDAVIA","El Montín","E.L.M.","E.L.M. de Villarrobejo","No","No",1.21729266716688
"309",34091,"Lagartos",3403,"SALDAÑA-VALDAVIA","Matajoara","C.A.","C.A. de Castiilla y León","Sí","Sí",5.19538043447882
"310",34091,"Lagartos",3403,"SALDAÑA-VALDAVIA","Páramo Cierzo","E.L.M.","E.L.M. de Villambran de Cea","Sí","Sí",614.540228887727
"311",34091,"Lagartos",3403,"SALDAÑA-VALDAVIA","Páramo Gallego","E.L.M.","E.L.M. de Villambran de Cea","Sí","Sí",348.415199117695
"312",34091,"Lagartos",3403,"SALDAÑA-VALDAVIA","Tordillos","E.L.M.","E.L.M. de Terradillos de los Templarios","Sí","Sí",917.214768990573
"313",34091,"Lagartos",3403,"SALDAÑA-VALDAVIA","Carraco, Matalavilla y Roturos","Ayto.","Ayto. de Ledigos","No","No",7.40072352396834
"314",34091,"Lagartos",3403,"SALDAÑA-VALDAVIA","El Carrasco","E.L.M.","E.L.M. de Terradillos de los Templarios","No","No",154.147304644326
"315",34091,"Lagartos",3403,"SALDAÑA-VALDAVIA","El Hoyo","E.L.M.","E.L.M. de Villambroz","No","No",1.71130000744252
"316",34091,"Lagartos",3403,"SALDAÑA-VALDAVIA","Quemado, Majuelo y Valdeladrón","E.L.M.","E.L.M. de Lagartos","No","No",409.009981432746
"317",34092,"Lantadilla",3402,"CAMPOS",NA,NA,NA,NA,NA,NA
"318",34093,"La Vid de Ojeda",3404,"BOEDO-OJEDA","Montecillo","Ayto.","Ayto. de La Vid de Ojeda","No","No",392.041335295959
"319",34094,"Ledigos",3403,"SALDAÑA-VALDAVIA","Paramillo","E.L.M.","E.L.M. de Poblacion de Arroyo","No","No",3.8867599070688
"320",34094,"Ledigos",3403,"SALDAÑA-VALDAVIA","Carraco, Matalavilla y Roturos","Ayto.","Ayto. de Ledigos","No","No",1156.42722998951
"321",34094,"Ledigos",3403,"SALDAÑA-VALDAVIA","Cerra y Valle","E.L.M.","E.L.M. de Calzadilla de la Cueza","No","No",2.54020480949186
"322",34100,"Mantinos",3405,"GUARDO","Majadilla","Ayto.","Ayto. de Villalba de Guardo","No","No",4.92999857649736
"323",34100,"Mantinos",3405,"GUARDO","Cuestona, Majadilla y otros","Ayto.","Ayto. de Mantinos","Sí","Sí",410.849335747118
"324",34100,"Mantinos",3405,"GUARDO","Pedrosillo, Redondillo y Laguna","Ayto.","Ayto. de Mantinos","No","No",494.950382342273
"325",34100,"Mantinos",3405,"GUARDO","Conejeras","Ayto.","Ayto. de Guardo","No","No",2.59469407407535
"326",34100,"Mantinos",3405,"GUARDO","Flecha y Majada de San Juan","Ayto.","Ayto. de Mantinos","No","No",346.382599001259
"327",34100,"Mantinos",3405,"GUARDO","Páramo del Otro Lado","Ayto.","Ayto. de Villalba de Guardo","No","No",1.1181258257161
"328",34100,"Mantinos",3405,"GUARDO","Páramo de la Mimbre","Ayto.","Ayto. de Mantinos","No","No",459.26348442658
"329",34100,"Mantinos",3405,"GUARDO","Valdeostillos","Ayto.","Ayto. de Mantinos","No","No",103.767274390176
"330",34101,"Marcilla de Campos",3402,"CAMPOS",NA,NA,NA,NA,NA,NA
"331",34107,"Micieces de Ojeda",3404,"BOEDO-OJEDA","Cuesta Castrillo","E.L.M.","E.L.M. de Villavega de Ojeda","No","No",6.9250716631798
"332",34107,"Micieces de Ojeda",3404,"BOEDO-OJEDA","Abajo y Arriba","E.L.M.","E.L.M. de Oteros de Boedo","No","No",1.4276104161696
"333",34107,"Micieces de Ojeda",3404,"BOEDO-OJEDA","Cerrado","E.L.M.","E.L.M. de Berzosa de los Hidalgos","No","No",362.951445478872
"334",34107,"Micieces de Ojeda",3404,"BOEDO-OJEDA","Los Montecillos","Ayto.","Ayto. de Micieces de Ojeda","Sí","Sí",669.735681531365
"335",34107,"Micieces de Ojeda",3404,"BOEDO-OJEDA","Montecillo","Ayto.","Ayto. de La Vid de Ojeda","No","No",6.06547717321568
"336",34109,"Moratinos",3402,"CAMPOS",NA,NA,NA,NA,NA,NA
"337",34110,"Mudá",3406,"CERVERA","Las Matas","E.L.M.","E.L.M. de Monasterio","No","No",1.40977165858981
"338",34110,"Mudá",3406,"CERVERA","Mataquemado y Bardales","Ayto.","Ayto. de Mudá","No","No",184.333161260964
"339",34110,"Mudá",3406,"CERVERA","Arriba","E.L.M.","E.L.M. de Salinas de Pisuerga","No","No",1.06124450417851
"340",34110,"Mudá",3406,"CERVERA","Ciruelo","Entidad Asociativa","Ayto. de Mudá, E.L.M. de San Cebrian de Muda","Sí","Sí",1.92593617302794
"341",34110,"Mudá",3406,"CERVERA","Matabustillo","Ayto.","Ayto. de Mudá","No","No",170.25331691884
"342",34110,"Mudá",3406,"CERVERA","Mataosera","E.L.M.","E.L.M. de San Cebrián de Mudá","No","No",3.90851580724139
"343",34112,"Nogal de las Huertas",3402,"CAMPOS",NA,NA,NA,NA,NA,NA
"344",34113,"Olea de Boedo",3404,"BOEDO-OJEDA","Montecillo","Ayto.","Ayto. de Olea de Boedo","No","No",47.6600161755363
"345",34113,"Olea de Boedo",3404,"BOEDO-OJEDA","Corral y Agregados","E.L.M.","E.L.M. de San Martin del Monte","Sí","Sí",6.23842991153486
"346",34113,"Olea de Boedo",3404,"BOEDO-OJEDA","Martinejas","Ayto.","Ayto. de Olea de Boedo","No","No",286.888049551097
"347",34114,"Olmos de Ojeda",3404,"BOEDO-OJEDA","Valdelarrasa","E.L.M.","E.L.M. de Quintanatello de Ojeda","No","No",236.893519209386
"348",34114,"Olmos de Ojeda",3404,"BOEDO-OJEDA","Cuesta Castrillo","E.L.M.","E.L.M. de Villavega de Ojeda","No","No",88.7710768714683
"349",34114,"Olmos de Ojeda",3404,"BOEDO-OJEDA","Encinar","E.L.M.","E.L.M. de Vega de Bur","No","No",65.5524835791266
"350",34114,"Olmos de Ojeda",3404,"BOEDO-OJEDA","Indiviso","Entidad Asociativa","Ayto. de Castrejón de la Peña,E.L.M. de Villanueva de la Peña,E.L.M. de Traspeña de la Peña,E.L.M. de Cubillo de Castrejon,E.L.M. de Loma de Castrejon,E.L.M. de Recueva de la Peña,E.L.M. de Pison de Castrejon,E.L.M. de Castrejon de la Peña,E.L.M.","Sí","Sí",18.7227847037365
"351",34114,"Olmos de Ojeda",3404,"BOEDO-OJEDA","Las Matas","Ayto.","Ayto. de Olmos de Ojeda","No","No",116.122194104532
"352",34114,"Olmos de Ojeda",3404,"BOEDO-OJEDA","Las Tasugueras","Ayto.","Ayto. de Olmos de Ojeda","No","No",165.861515236646
"353",34114,"Olmos de Ojeda",3404,"BOEDO-OJEDA","La Mata","E.L.M.","E.L.M. de Montoto de Ojeda","No","No",286.527901820403
"354",34114,"Olmos de Ojeda",3404,"BOEDO-OJEDA","Las Rozas","E.L.M.","E.L.M. de Colmenares de Ojeda","No","No",1.93116946230342
"355",34114,"Olmos de Ojeda",3404,"BOEDO-OJEDA","Indiviso","Ayto.","Ayto. de Congosto de Valdavia","No","No",3.04830320337332
"356",34114,"Olmos de Ojeda",3404,"BOEDO-OJEDA","Robledo","E.L.M.","E.L.M. de Perazancas de Ojeda","No","No",34.900056303969
"357",34114,"Olmos de Ojeda",3404,"BOEDO-OJEDA","Moyuelo","E.L.M.","E.L.M. de Vega de Bur","No","No",518.881624527939
"358",34114,"Olmos de Ojeda",3404,"BOEDO-OJEDA","Allende","E.L.M.","E.L.M. de Montoto de Ojeda","No","No",58.4204960252783
"359",34114,"Olmos de Ojeda",3404,"BOEDO-OJEDA","Valdemensur","Ayto.","Ayto. de Aguilar de Campoo","No","No",1.22809539149393
"360",34114,"Olmos de Ojeda",3404,"BOEDO-OJEDA","Valparaíso","E.L.M.","E.L.M. de Amayuelas de Ojeda","No","No",263.496712775476
"361",34114,"Olmos de Ojeda",3404,"BOEDO-OJEDA","El Carrascal","E.L.M.","E.L.M. de Olmos de Ojeda","No","No",109.324630783913
"362",34114,"Olmos de Ojeda",3404,"BOEDO-OJEDA","Valdelamora","E.L.M.","E.L.M. de Moarves de Ojeda","No","No",213.680340737184
"363",34114,"Olmos de Ojeda",3404,"BOEDO-OJEDA","El Quiñon","E.L.M.","E.L.M. de Castrejón de la Peña","No","No",233.636403529508
"364",34114,"Olmos de Ojeda",3404,"BOEDO-OJEDA","Los Montecillos","Ayto.","Ayto. de Micieces de Ojeda","Sí","Sí",4.24763448479488
"365",34116,"Osornillo",3402,"CAMPOS",NA,NA,NA,NA,NA,NA
"366",34122,"Páramo de Boedo",3404,"BOEDO-OJEDA","Fuentepila","E.L.M.","E.L.M. de Páramo de Boedo","Sí","Sí",428.895108591909
"367",34122,"Páramo de Boedo",3404,"BOEDO-OJEDA","Mayor y Rebollo","Ayto.","Ayto. de Calahorra de Boedo","Sí","Sí",6.96579213904627
"368",34124,"Payo de Ojeda",3404,"BOEDO-OJEDA","El Quiñon","E.L.M.","E.L.M. de Castrejón de la Peña","No","No",4.24962120887582
"369",34124,"Payo de Ojeda",3404,"BOEDO-OJEDA","Valdelarrasa","E.L.M.","E.L.M. de Quintanatello de Ojeda","No","No",7.09482749403678
"370",34124,"Payo de Ojeda",3404,"BOEDO-OJEDA","Las Rozas","Ayto.","Ayto. de Payo de Ojeda","No","No",166.151883213908
"371",34124,"Payo de Ojeda",3404,"BOEDO-OJEDA","Moyuelo","E.L.M.","E.L.M. de Vega de Bur","No","No",1.84701751274669
"372",34126,"Pedrosa de la Vega",3403,"SALDAÑA-VALDAVIA",NA,NA,NA,NA,NA,NA
"373",34129,"Pino del Río",3403,"SALDAÑA-VALDAVIA","Páramo y Majada","E.L.M.","E.L.M. de Carbonera","Sí","Sí",2.00555356032215
"374",34129,"Pino del Río",3403,"SALDAÑA-VALDAVIA","Viejo y Palacios","E.L.M.","E.L.M. de Pino del Rio","No","No",181.869552321567
"375",34129,"Pino del Río",3403,"SALDAÑA-VALDAVIA","Vallejas Traidoras (Quiñon de Valcabadillo)","E.L.M.","E.L.M. de Valcabadillo","No","No",61.413876330881
"376",34129,"Pino del Río",3403,"SALDAÑA-VALDAVIA","El Berral y otros","E.L.M.","E.L.M. de Celadilla del Rio","Sí","Sí",139.324883896206
"377",34129,"Pino del Río",3403,"SALDAÑA-VALDAVIA","Majadilla","E.L.M.","E.L.M. de Villosilla de la Vega","Sí","No",1.51999912539776
"378",34129,"Pino del Río",3403,"SALDAÑA-VALDAVIA","Vallejas Traidoras","E.L.M.","E.L.M. de Villorquite del Paramo","No","No",44.5288384267729
"379",34129,"Pino del Río",3403,"SALDAÑA-VALDAVIA","Bascarrión","Entidad Asociativa","Ayto. de Tabanera de Valdavia,Ayto. de Ayuela,E.L.M. de Villasur","No","No",7.55786618514927
"380",34129,"Pino del Río",3403,"SALDAÑA-VALDAVIA","Majada y Valle de las Fuentes","E.L.M.","E.L.M. de Celadilla del Rio","Sí","Sí",394.561093148493
"381",34129,"Pino del Río",3403,"SALDAÑA-VALDAVIA","Páramo del Oeste","E.L.M.","E.L.M. de Pino del Rio","No","No",349.318761484047
"382",34129,"Pino del Río",3403,"SALDAÑA-VALDAVIA","Sotos de Arriba y Abajo","E.L.M.","E.L.M. de Pino del Rio","No","No",269.690377667884
"383",34129,"Pino del Río",3403,"SALDAÑA-VALDAVIA","Páramo del Este","E.L.M.","E.L.M. de Pino del Rio","No","No",646.043422323442
"384",34129,"Pino del Río",3403,"SALDAÑA-VALDAVIA","Modorro","E.L.M.","E.L.M. de Acera de la Vega","No","No",17.4418083032196
"385",34129,"Pino del Río",3403,"SALDAÑA-VALDAVIA","El Soto","Ayto.","Ayto. de Fresno del Río","Sí","Sí",11.3602910393838
"386",34129,"Pino del Río",3403,"SALDAÑA-VALDAVIA","Barcilla y Sorriba","E.L.M.","E.L.M. de Pino del Rio","No","No",181.226094892089
"387",34129,"Pino del Río",3403,"SALDAÑA-VALDAVIA","Valdepoza","Ayto.","Ayto. de Saldaña","Sí","Sí",350.246171712303
"388",34129,"Pino del Río",3403,"SALDAÑA-VALDAVIA","Vallejas Traidoras","E.L.M.","E.L.M. de Carbonera","No","No",111.620973732772
"389",34129,"Pino del Río",3403,"SALDAÑA-VALDAVIA","Valdecastro","E.L.M.","E.L.M. de Acera de la Vega","No","No",1.42488228344191
"390",34131,"Población de Arroyo",3402,"CAMPOS","Paramillo","E.L.M.","E.L.M. de Poblacion de Arroyo","No","No",60.6028756042257
"391",34131,"Población de Arroyo",3402,"CAMPOS","Carrascal","E.L.M.","E.L.M. de Arroyo","No","No",81.4143050667384
"392",34132,"Población de Campos",3402,"CAMPOS",NA,NA,NA,NA,NA,NA
"393",34135,"Pomar de Valdivia",3407,"AGUILAR","Los Corros","E.L.M.","E.L.M. de Lastrilla","No","No",398.15916946888
"394",34135,"Pomar de Valdivia",3407,"AGUILAR","Las Matas","Ayto.","Ayto. de Pomar de Valdivia","No","No",619.574107551738
"395",34135,"Pomar de Valdivia",3407,"AGUILAR","Mataespesa y Baldíos","Entidad Asociativa","E.L.M. de Pomar de Valdivia,E.L.M. de Revilla de Pomar,E.L.M. de Helecha","No","No",383.94839924187
"396",34135,"Pomar de Valdivia",3407,"AGUILAR","La Mata","E.L.M.","E.L.M. de Quintanilla de las Torres","No","No",117.517218271539
"397",34135,"Pomar de Valdivia",3407,"AGUILAR","Valdelobera","E.L.M.","E.L.M. de Canduela","No","No",1.13373743366003
"398",34135,"Pomar de Valdivia",3407,"AGUILAR","Valdeseñor","E.L.M.","E.L.M. de Villaren de Valdivia","No","No",86.9935407998196
"399",34135,"Pomar de Valdivia",3407,"AGUILAR","La Dehesa","Ayto.","Ayto. de Pomar de Valdivia","No","No",76.0989525125208
"400",34135,"Pomar de Valdivia",3407,"AGUILAR","Verano","Ayto.","Ayto. de Aguilar de Campoo","No","No",14.1234138224001
"401",34135,"Pomar de Valdivia",3407,"AGUILAR","Las Tuerces, Campo del Pozo, Cuesta Aedo y La Loma","E.L.M.","E.L.M. de Villaescusa de las Torres","No","No",438.063620924867
"402",34135,"Pomar de Valdivia",3407,"AGUILAR","Llana y Costana","E.L.M.","E.L.M. de Porquera de los Infantes","No","No",146.365222454526
"403",34135,"Pomar de Valdivia",3407,"AGUILAR","Mesa del Monte","E.L.M.","E.L.M. de Valoria de Aguilar","No","No",1.63401065463733
"404",34135,"Pomar de Valdivia",3407,"AGUILAR","Ahedo","Entidad Asociativa","E.L.M. de Revilla de Pomar,E.L.M. de Helecha de Valdivia,E.L.M. de Pomar de Valdivia","Sí","Sí",1454.83650477944
"405",34135,"Pomar de Valdivia",3407,"AGUILAR","Mata del Caño","E.L.M.","E.L.M. de Helecha de Valdivia","No","No",88.2982303387857
"406",34135,"Pomar de Valdivia",3407,"AGUILAR","Matacuevas","E.L.M.","E.L.M. de Revilla de Pomar","No","No",191.369422912183
"407",34135,"Pomar de Valdivia",3407,"AGUILAR","Matarebolledo","E.L.M.","E.L.M. de Rebolledo de la Inera","Sí","Sí",91.7989611042404
"408",34136,"Poza de la Vega",3403,"SALDAÑA-VALDAVIA","Montecillo y Majadilla","E.L.M.","E.L.M. de Valcabadillo","Sí","Sí",1.81737922146488
"409",34136,"Poza de la Vega",3403,"SALDAÑA-VALDAVIA","Cuesta Costana y Barquillo","Ayto.","Ayto. de Poza de la Vega","Sí","No",144.181833238294
"410",34136,"Poza de la Vega",3403,"SALDAÑA-VALDAVIA","Las Cárcavas y Los Sotos","Ayto.","Ayto. de Poza de la Vega","Sí","No",103.681970075803
"411",34136,"Poza de la Vega",3403,"SALDAÑA-VALDAVIA","La Cerra","Ayto.","Ayto. de Villota del Páramo","Sí","Sí",2.42487041227641
"412",34136,"Poza de la Vega",3403,"SALDAÑA-VALDAVIA","Páramo, Raigada y Sotillo","E.L.M.","E.L.M. de San Andres de la Regla","No","No",2.75312576886892
"413",34139,"Prádanos de Ojeda",3404,"BOEDO-OJEDA","La Cabrera","E.L.M.","E.L.M. de Becerril del Carpio","No","No",15.6621450867162
"414",34139,"Prádanos de Ojeda",3404,"BOEDO-OJEDA","El Carrascal","Ayto.","Ayto. de Prádanos de Ojeda","No","No",731.79642350106
"415",34140,"La Puebla de Valdavia",3403,"SALDAÑA-VALDAVIA","Rodiles","Ayto.","Ayto. de Buenavista de Valdavia","No","No",1.84666914439313
"416",34140,"La Puebla de Valdavia",3403,"SALDAÑA-VALDAVIA","Cotorro, Rebollón y Soto","Ayto.","Ayto. de Congosto de Valdavia","No","No",1.57250523015838
"417",34140,"La Puebla de Valdavia",3403,"SALDAÑA-VALDAVIA","Valdemoro","Ayto.","Ayto. de La Puebla de Valdavia","Sí","Sí",719.474496854068
"418",34140,"La Puebla de Valdavia",3403,"SALDAÑA-VALDAVIA","Cabomonte y Corralejos","Ayto.","Ayto. de Báscones de Ojeda","No","No",1.28744827062388
"419",34140,"La Puebla de Valdavia",3403,"SALDAÑA-VALDAVIA","Indiviso","Ayto.","Ayto. de Congosto de Valdavia","No","No",377.448847705824
"420",34140,"La Puebla de Valdavia",3403,"SALDAÑA-VALDAVIA","Indiviso","Ayto.","Ayto. de La Puebla de Valdavia","No","No",621.798407051748
"421",34140,"La Puebla de Valdavia",3403,"SALDAÑA-VALDAVIA","Mayor","Ayto.","Ayto. de La Puebla de Valdavia","No","No",354.163631914717
"422",34140,"La Puebla de Valdavia",3403,"SALDAÑA-VALDAVIA","Bostal","Ayto.","Ayto. de Báscones de Ojeda","Sí","Sí",1.32453224919234
"423",34143,"Quintanilla de Onsoña",3403,"SALDAÑA-VALDAVIA","Abajo","E.L.M.","E.L.M. de Vega de Doña Olimpa","No","No",11.5054001069304
"424",34143,"Quintanilla de Onsoña",3403,"SALDAÑA-VALDAVIA","El Páramo","E.L.M.","E.L.M. de Relea de la Loma","No","No",3.97185740754846
"425",34147,"Renedo de la Vega",3403,"SALDAÑA-VALDAVIA",NA,NA,NA,NA,NA,NA
"426",34149,"Requena de Campos",3402,"CAMPOS",NA,NA,NA,NA,NA,NA
"427",34151,"Respenda de la Peña",3405,"GUARDO","Pentinela y Valdemorata","E.L.M.","E.L.M. de Fontecha","Sí","Sí",1797.96592449337
"428",34151,"Respenda de la Peña",3405,"GUARDO","Abajo","E.L.M.","E.L.M. de Fontecha","No","No",126.865423195353
"429",34151,"Respenda de la Peña",3405,"GUARDO","Lomano","E.L.M.","E.L.M. de Vega de Riacos","No","No",186.483517007433
"430",34151,"Respenda de la Peña",3405,"GUARDO","Fuenteteburo","E.L.M.","E.L.M. de Santana de la Peña","No","No",183.124140854199
"431",34151,"Respenda de la Peña",3405,"GUARDO","Cabanillas","E.L.M.","E.L.M. de Baños de la Peña","Sí","Sí",308.407569816322
"432",34151,"Respenda de la Peña",3405,"GUARDO","Arriba","E.L.M.","E.L.M. de Fontecha de la Peña","No","No",300.127248030672
"433",34151,"Respenda de la Peña",3405,"GUARDO","Cabadilla","E.L.M.","E.L.M. de Barajores de la Peña","No","No",80.931740894253
"434",34151,"Respenda de la Peña",3405,"GUARDO","Espinar y Bardal","E.L.M.","E.L.M. de Riosmenudos de la Peña","No","No",222.201862125924
"435",34151,"Respenda de la Peña",3405,"GUARDO","Montecillo y Solana","E.L.M.","E.L.M. de Villanueva de Abajo","No","No",5.63513000943302
"436",34151,"Respenda de la Peña",3405,"GUARDO","Ojascal","E.L.M.","E.L.M. de Roscales de la Peña","Sí","Sí",3.75297491537553
"437",34151,"Respenda de la Peña",3405,"GUARDO","Valdemorata y Roscales","E.L.M.","E.L.M. de Villanueva de Abajo","Sí","Sí",49.3316944526607
"438",34151,"Respenda de la Peña",3405,"GUARDO","Valdemadera","E.L.M.","E.L.M. de Respenda de la Peña","No","No",309.602594101102
"439",34151,"Respenda de la Peña",3405,"GUARDO","Samboal","E.L.M.","E.L.M. de Respenda de la Peña","No","No",120.11518158086
"440",34151,"Respenda de la Peña",3405,"GUARDO","La Rozada","Ayto.","Ayto. de Congosto de Valdavia","No","No",1.68850813211518
"441",34151,"Respenda de la Peña",3405,"GUARDO","Bardal","E.L.M.","E.L.M. de Baños de la Peña","No","No",139.947360853703
"442",34152,"Revenga de Campos",3402,"CAMPOS",NA,NA,NA,NA,NA,NA
"443",34154,"Revilla de Collazos",3404,"BOEDO-OJEDA","Gallillo","E.L.M.","E.L.M. de Collazos de Boedo","Sí","Sí",2.85481304644626
"444",34154,"Revilla de Collazos",3404,"BOEDO-OJEDA","Montecillo, Páramo y Cuesta","E.L.M.","E.L.M. de Arenillas de San Pelayo","Sí","Sí",2.28488557753285
"445",34154,"Revilla de Collazos",3404,"BOEDO-OJEDA","Abajo y Arriba","E.L.M.","E.L.M. de Oteros de Boedo","No","No",1.96782784409223
"446",34154,"Revilla de Collazos",3404,"BOEDO-OJEDA","Mayor","Ayto.","Ayto. de Buenavista de Valdavia","Sí","Sí",1.81709090871178
"447",34154,"Revilla de Collazos",3404,"BOEDO-OJEDA","Comayancos","Ayto.","Ayto. de Revilla de Collazos","Sí","Sí",1229.26438126155
"448",34154,"Revilla de Collazos",3404,"BOEDO-OJEDA","La Cuesta","Ayto.","Ayto. de Revilla de Collazos","No","No",159.199009290286
"449",34157,"Saldaña",3403,"SALDAÑA-VALDAVIA","Páramo y Majada","E.L.M.","E.L.M. de Carbonera","Sí","Sí",652.914785771941
"450",34157,"Saldaña",3403,"SALDAÑA-VALDAVIA","Cuesta y Páramo","E.L.M.","E.L.M. de Valles de Valdavia","No","No",2.41790183760291
"451",34157,"Saldaña",3403,"SALDAÑA-VALDAVIA","Juncares, Poleares y Cuesta","Ayto.","Ayto. de Villabasta de Valdavia","No","No",22.9977354790563
"452",34157,"Saldaña",3403,"SALDAÑA-VALDAVIA","Paramillo y Monte de Arriba","E.L.M.","E.L.M. de Vega de Doña Olimpa","Sí","Sí",685.788578774109
"453",34157,"Saldaña",3403,"SALDAÑA-VALDAVIA","Morcorio","E.L.M.","E.L.M. de Villota del Duque","Sí","Sí",1.29452283521374
"454",34157,"Saldaña",3403,"SALDAÑA-VALDAVIA","Las Cuestas","E.L.M.","E.L.M. de Villanueva del Monte","No","No",72.4824762109441
"455",34157,"Saldaña",3403,"SALDAÑA-VALDAVIA","Páramo del Este","E.L.M.","E.L.M. de Pino del Rio","No","No",1.90800912659601
"456",34157,"Saldaña",3403,"SALDAÑA-VALDAVIA","Matorro y Vargas","E.L.M.","E.L.M. de Villalafuente","No","No",233.088314872904
"457",34157,"Saldaña",3403,"SALDAÑA-VALDAVIA","Valdepoza","Ayto.","Ayto. de Saldaña","Sí","Sí",9.18552737707202
"458",34157,"Saldaña",3403,"SALDAÑA-VALDAVIA","Cuesta Cornon","E.L.M.","E.L.M. de Relea de la Loma","No","No",52.8017935303545
"459",34157,"Saldaña",3403,"SALDAÑA-VALDAVIA","Cuesta, Páramo y Picones","E.L.M.","E.L.M. de Valderrabano","No","No",4.16450007452946
"460",34157,"Saldaña",3403,"SALDAÑA-VALDAVIA","Montecillo y Majadilla","E.L.M.","E.L.M. de Valcabadillo","Sí","Sí",92.7345240270164
"461",34157,"Saldaña",3403,"SALDAÑA-VALDAVIA","El Hoyo","E.L.M.","E.L.M. de Villanueva del Monte","No","No",188.237961510471
"462",34157,"Saldaña",3403,"SALDAÑA-VALDAVIA","Valdebellabute","E.L.M.","E.L.M. de Membrillar","Sí","Sí",516.234649713518
"463",34157,"Saldaña",3403,"SALDAÑA-VALDAVIA","Las Cárcavas y Los Sotos","Ayto.","Ayto. de Poza de la Vega","Sí","No",1.76497688808986
"464",34157,"Saldaña",3403,"SALDAÑA-VALDAVIA","Cotarro y Matalasmonjas","E.L.M.","E.L.M. de Villasur","Sí","Sí",792.764308897377
"465",34157,"Saldaña",3403,"SALDAÑA-VALDAVIA","Carquesal y Valdeseñor","E.L.M.","E.L.M. de Villafruel","No","No",87.2146832387767
"466",34157,"Saldaña",3403,"SALDAÑA-VALDAVIA","Valdefuente","E.L.M.","E.L.M. de Membrillar","No","No",22.3757444066296
"467",34157,"Saldaña",3403,"SALDAÑA-VALDAVIA","Barrio","Ayto.","Ayto. de Saldaña","No","No",44.8301445637232
"468",34157,"Saldaña",3403,"SALDAÑA-VALDAVIA","Valdemenoldo","Ayto.","Ayto. de Saldaña","No","No",84.330076875795
"469",34157,"Saldaña",3403,"SALDAÑA-VALDAVIA","Valdeolmos","E.L.M.","E.L.M. de Renedo del Monte","No","No",123.968949368016
"470",34157,"Saldaña",3403,"SALDAÑA-VALDAVIA","Cuestas de Prado y Paracuetos","E.L.M.","E.L.M. de Valenoso","No","No",277.091882589624
"471",34157,"Saldaña",3403,"SALDAÑA-VALDAVIA","Bascarrión","Entidad Asociativa","Ayto. de Tabanera de Valdavia,Ayto. de Ayuela,E.L.M. de Villasur","No","No",4.02992546194424
"472",34157,"Saldaña",3403,"SALDAÑA-VALDAVIA","Vallejadas y Paracuetos","E.L.M.","E.L.M. de Valenoso","No","No",130.188593472853
"473",34157,"Saldaña",3403,"SALDAÑA-VALDAVIA","Abajo","E.L.M.","E.L.M. de Vega de Doña Olimpa","No","No",196.434794675844
"474",34157,"Saldaña",3403,"SALDAÑA-VALDAVIA","Las Cuestas","E.L.M.","E.L.M. de Renedo del Monte","No","No",117.493783523509
"475",34157,"Saldaña",3403,"SALDAÑA-VALDAVIA","El Páramo","E.L.M.","E.L.M. de Relea de la Loma","No","No",332.796059810887
"476",34158,"Salinas de Pisuerga",3407,"AGUILAR","La Mella","E.L.M.","E.L.M. de San Mames de Zalima","No","No",163.706255435643
"477",34158,"Salinas de Pisuerga",3407,"AGUILAR","Arriba","E.L.M.","E.L.M. de Salinas de Pisuerga","No","No",187.656130946047
"478",34158,"Salinas de Pisuerga",3407,"AGUILAR","Los Corros","E.L.M.","E.L.M. de Barcenilla de Pisuerga","Sí","Sí",1.17729158762805
"479",34158,"Salinas de Pisuerga",3407,"AGUILAR","Los Cascajos","E.L.M.","E.L.M. de Renedo de Zalima","No","No",123.917621053724
"480",34158,"Salinas de Pisuerga",3407,"AGUILAR","Las Matas","E.L.M.","E.L.M. de Monasterio","No","No",274.906238457082
"481",34158,"Salinas de Pisuerga",3407,"AGUILAR","Abajo","E.L.M.","E.L.M. de Salinas de Pisuerga","No","No",282.714096068334
"482",34158,"Salinas de Pisuerga",3407,"AGUILAR","Mataquemado y Bardales","Ayto.","Ayto. de Mudá","No","No",4.98651798033917
"483",34158,"Salinas de Pisuerga",3407,"AGUILAR","Las Matas","E.L.M.","E.L.M. de Villanueva de la Torre","No","No",26.7918836653747
"484",34161,"San Cristóbal de Boedo",3404,"BOEDO-OJEDA","Las Corraleras","E.L.M.","E.L.M. de Ventosa de Pisuerga","Sí","Sí",6.17545139118999
"485",34161,"San Cristóbal de Boedo",3404,"BOEDO-OJEDA","Paramillo","Ayto.","Ayto. de San Cristóbal de Boedo","No","No",147.358385017203
"486",34163,"San Mamés de Campos",3402,"CAMPOS",NA,NA,NA,NA,NA,NA
"487",34168,"Santa Cruz de Boedo",3404,"BOEDO-OJEDA","Otero Butres","E.L.M.","E.L.M. de Hijosa de Boedo","Sí","Sí",507.287346646162
"488",34168,"Santa Cruz de Boedo",3404,"BOEDO-OJEDA","Paramillo","Ayto.","Ayto. de San Cristóbal de Boedo","No","No",6.35502851061691
"489",34168,"Santa Cruz de Boedo",3404,"BOEDO-OJEDA","Cuesta Terrazo","E.L.M.","E.L.M. de Hijosa de Boedo","No","No",140.516240727727
"490",34168,"Santa Cruz de Boedo",3404,"BOEDO-OJEDA","Grande, Montecillo, y Velasco","E.L.M.","E.L.M. de Santa Cruz de Boedo","Sí","Sí",428.037407196569
"491",34168,"Santa Cruz de Boedo",3404,"BOEDO-OJEDA","Las Corraleras","E.L.M.","E.L.M. de Ventosa de Pisuerga","Sí","Sí",9.96211575519805
"492",34168,"Santa Cruz de Boedo",3404,"BOEDO-OJEDA","El Ejido","Ayto.","Ayto. de Espinosa de Villagonzalo","Sí","Sí",1.12794835038558
"493",34169,"Santervás de la Vega",3403,"SALDAÑA-VALDAVIA","Cuestas Grandes","E.L.M.","E.L.M. de Santervas de la Vega","No","No",140.65977315379
"494",34169,"Santervás de la Vega",3403,"SALDAÑA-VALDAVIA","El Montín","E.L.M.","E.L.M. de Villarrobejo","No","No",721.543666407882
"495",34169,"Santervás de la Vega",3403,"SALDAÑA-VALDAVIA","Cerra de San Andrés","E.L.M.","E.L.M. de San Andres de la Regla","No","No",122.77514212028
"496",34169,"Santervás de la Vega",3403,"SALDAÑA-VALDAVIA","Cerra de San Andrés","E.L.M.","E.L.M. de San Andres de la Regla","No","No",1.75447977449372
"497",34169,"Santervás de la Vega",3403,"SALDAÑA-VALDAVIA","La Cerra","Ayto.","Ayto. de Villota del Páramo","Sí","Sí",3.72434529156112
"498",34169,"Santervás de la Vega",3403,"SALDAÑA-VALDAVIA","La Perionda","E.L.M.","E.L.M. de Quintanadiez de la Vega","No","No",264.53570630304
"499",34169,"Santervás de la Vega",3403,"SALDAÑA-VALDAVIA","Cerrillo","C.A.","C.A. de Castiilla y León","No","No",36.433845478217
"500",34170,"Santibáñez de Ecla",3404,"BOEDO-OJEDA","El Carrascal","E.L.M.","E.L.M. de Olmos de Ojeda","No","No",1.02010762950872
"501",34170,"Santibáñez de Ecla",3404,"BOEDO-OJEDA","Valdemensur","Ayto.","Ayto. de Aguilar de Campoo","No","No",1.46017133737824
"502",34170,"Santibáñez de Ecla",3404,"BOEDO-OJEDA","La Cabrera","E.L.M.","E.L.M. de Villaescusa de Ecla","No","No",656.813851454048
"503",34170,"Santibáñez de Ecla",3404,"BOEDO-OJEDA","Valdelamora","E.L.M.","E.L.M. de Moarves de Ojeda","No","No",5.22199172122772
"504",34170,"Santibáñez de Ecla",3404,"BOEDO-OJEDA","La Cabrera","E.L.M.","E.L.M. de Becerril del Carpio","No","No",2.25876279116967
"505",34171,"Santibáñez de la Peña",3405,"GUARDO","La Sierra","Ayto.","Ayto. de Velilla del Río Carrión","No","No",15.6716415271865
"506",34171,"Santibáñez de la Peña",3405,"GUARDO","Hoyo Espinar","E.L.M.","E.L.M. de Pino de Viduerna","Sí","Sí",201.948680940572
"507",34171,"Santibáñez de la Peña",3405,"GUARDO","La Royada","E.L.M.","E.L.M. de Villalbeto de la Peña","No","No",122.515826906001
"508",34171,"Santibáñez de la Peña",3405,"GUARDO","Valdemadera","E.L.M.","E.L.M. de Respenda de la Peña","No","No",4.58254324649945
"509",34171,"Santibáñez de la Peña",3405,"GUARDO","Cueto Palomo y Hornalejo","Ayto.","Ayto. de Velilla del Río Carrión","No","No",15.6458772732507
"510",34171,"Santibáñez de la Peña",3405,"GUARDO","Llanas y Vargas","E.L.M.","E.L.M. de Las Heras de la Peña","No","No",149.14549156353
"511",34171,"Santibáñez de la Peña",3405,"GUARDO","Pentinela y Valdemorata","E.L.M.","E.L.M. de Fontecha","Sí","Sí",30.4014438484244
"512",34171,"Santibáñez de la Peña",3405,"GUARDO","Peña del Fraile, Paredeja y Los Castrillejos","E.L.M.","E.L.M. de Villanueva de Arriba","No","No",91.9318102185049
"513",34171,"Santibáñez de la Peña",3405,"GUARDO","Arenal y Horcada","E.L.M.","E.L.M. de Villaoliva de la Peña","No","No",245.448171214036
"514",34171,"Santibáñez de la Peña",3405,"GUARDO","Peña Mayor, Peña Rasgada, Peña Blanca y La Paradeja","Ayto.","Ayto. de Guardo","Sí","No",1.9809554647986
"515",34171,"Santibáñez de la Peña",3405,"GUARDO","Valle del Trincho","E.L.M.","E.L.M. de Villafría de la Peña","No","No",30.5405141135401
"516",34171,"Santibáñez de la Peña",3405,"GUARDO","La Mata","E.L.M.","E.L.M. de Villanueva de la Peña","No","No",1.53671256661168
"517",34171,"Santibáñez de la Peña",3405,"GUARDO","Fuente la Virgen, Campanario y Peña Mañana","E.L.M.","E.L.M. de Santibañez de la Peña","No","No",786.438752375056
"518",34171,"Santibáñez de la Peña",3405,"GUARDO","Páramo","E.L.M.","E.L.M. de Cornon de la Peña","No","No",347.6968256149
"519",34171,"Santibáñez de la Peña",3405,"GUARDO","Valcárcel","E.L.M.","E.L.M. de Santibañez de la Peña","No","No",163.842115412006
"520",34171,"Santibáñez de la Peña",3405,"GUARDO","Peña Blanca, Fuente Vieja y Miranda Corcal","E.L.M.","E.L.M. de Velilla de la Peña","No","No",544.64108340326
"521",34171,"Santibáñez de la Peña",3405,"GUARDO","Otero y Arganchal","E.L.M.","E.L.M. de Viduerna de la Peña","No","No",217.261026150179
"522",34171,"Santibáñez de la Peña",3405,"GUARDO","Peñamediana, Hoyo Maldito, La Sierra, Peñarobla y Peñacueto","E.L.M.","E.L.M. de Villafria de la Peña","No","No",1052.44184613768
"523",34171,"Santibáñez de la Peña",3405,"GUARDO","Vallejas Hondas y Villalonga","E.L.M.","E.L.M. de Tarilonte de la Peña","No","No",306.592314895987
"524",34171,"Santibáñez de la Peña",3405,"GUARDO","Carrera del Cuerno","E.L.M.","E.L.M. de Cornon de la Peña","No","No",55.0372117144392
"525",34171,"Santibáñez de la Peña",3405,"GUARDO","La Rozadilla","Ayto.","Ayto. de Guardo","Sí","Sí",2.86365229840917
"526",34171,"Santibáñez de la Peña",3405,"GUARDO","Mata del Valle","E.L.M.","E.L.M. de Aviñante de la Peña","No","No",87.7189354516873
"527",34171,"Santibáñez de la Peña",3405,"GUARDO","Cueva Grande, Fuente Pepe, Las Corraletas, y Valles","E.L.M.","E.L.M. de Villanueva de la Peña","No","No",1.07635747330727
"528",34171,"Santibáñez de la Peña",3405,"GUARDO","Samboal","E.L.M.","E.L.M. de Respenda de la Peña","No","No",1.72386392828522
"529",34171,"Santibáñez de la Peña",3405,"GUARDO","Camporredondo","Entidad Asociativa","E.L.M. de Villanueva de Arriba, E.L.M. de Villaoliva de la Peña","No","No",442.041883504343
"530",34171,"Santibáñez de la Peña",3405,"GUARDO","Rozado","E.L.M.","E.L.M. de Cornon de la Peña","No","No",162.814352532618
"531",34171,"Santibáñez de la Peña",3405,"GUARDO","Alto","E.L.M.","E.L.M. de Villanueva de Arriba","Sí","Sí",227.302353920016
"532",34171,"Santibáñez de la Peña",3405,"GUARDO","Peña Calar y Vallejas Ramillas","E.L.M.","E.L.M. de Las Heras de la Peña","No","No",147.823358979701
"533",34171,"Santibáñez de la Peña",3405,"GUARDO","Carpín de Montero y otros","E.L.M.","E.L.M. de Villaverde de la Peña","No","No",656.987211863617
"534",34171,"Santibáñez de la Peña",3405,"GUARDO","Cañadas y Boltur","E.L.M.","E.L.M. de Velilla de la Peña","No","No",227.030481896844
"535",34171,"Santibáñez de la Peña",3405,"GUARDO","La Mata","Ayto.","Ayto. de Velilla del Río Carrión","No","No",3.53540977985859
"536",34175,"La Serna",3403,"SALDAÑA-VALDAVIA",NA,NA,NA,NA,NA,NA
"537",34176,"Sotobañado y Priorato",3404,"BOEDO-OJEDA","Martinejas","Ayto.","Ayto. de Olea de Boedo","No","No",1.06764238407835
"538",34176,"Sotobañado y Priorato",3404,"BOEDO-OJEDA","Fuentepila","E.L.M.","E.L.M. de Páramo de Boedo","Sí","Sí",1.06286741608456
"539",34176,"Sotobañado y Priorato",3404,"BOEDO-OJEDA","Gallillo","Ayto.","Ayto. de Sotobañado Y Priorato","Sí","Sí",776.740098821694
"540",34176,"Sotobañado y Priorato",3404,"BOEDO-OJEDA","Corral y Agregados","E.L.M.","E.L.M. de San Martin del Monte","Sí","Sí",3.03838659602271
"541",34176,"Sotobañado y Priorato",3404,"BOEDO-OJEDA","Montecillo","E.L.M.","E.L.M. de Sotillo de Boedo","No","No",83.1497954554399
"542",34179,"Tabanera de Valdavia",3403,"SALDAÑA-VALDAVIA","Santa María de la Vega","Ayto.","Ayto. de Tabanera de Valdavia","No","No",2.31872006828473
"543",34179,"Tabanera de Valdavia",3403,"SALDAÑA-VALDAVIA","Bascarrión","Entidad Asociativa","Ayto. de Tabanera de Valdavia,Ayto. de Ayuela,E.L.M. de Villasur","No","No",10.2290409781435
"544",34179,"Tabanera de Valdavia",3403,"SALDAÑA-VALDAVIA","Reznalillos","Ayto.","Ayto. de Tabanera de Valdavia","No","No",93.3554937482219
"545",34179,"Tabanera de Valdavia",3403,"SALDAÑA-VALDAVIA","El Coto y los Paules","Ayto.","Ayto. de Tabanera de Valdavia","Sí","Sí",810.884598653867
"546",34179,"Tabanera de Valdavia",3403,"SALDAÑA-VALDAVIA","Soto de Abajo","Ayto.","Ayto. de Ayuela","No","No",2.26845322919541
"547",34179,"Tabanera de Valdavia",3403,"SALDAÑA-VALDAVIA","Trasotero y Rabanillo","Ayto.","Ayto. de Tabanera de Valdavia","No","No",678.146380695372
"548",34179,"Tabanera de Valdavia",3403,"SALDAÑA-VALDAVIA","Valdemorata y Roscales","E.L.M.","E.L.M. de Villanueva de Abajo","Sí","Sí",10.8918070407713
"549",34190,"Valderrábano",3403,"SALDAÑA-VALDAVIA","Alto","E.L.M.","E.L.M. de Valles de Valdavia","No","No",122.991318516687
"550",34190,"Valderrábano",3403,"SALDAÑA-VALDAVIA","Cuesta, Páramo y Picones","E.L.M.","E.L.M. de Valderrabano","No","No",613.205957603215
"551",34190,"Valderrábano",3403,"SALDAÑA-VALDAVIA","Bascarrión","Entidad Asociativa","Ayto. de Tabanera de Valdavia,Ayto. de Ayuela,E.L.M. de Villasur","No","No",1.3495694807217
"552",34190,"Valderrábano",3403,"SALDAÑA-VALDAVIA","Soto de Abajo","Ayto.","Ayto. de Ayuela","No","No",5.20999523403607
"553",34190,"Valderrábano",3403,"SALDAÑA-VALDAVIA","Cuesta y Páramo","E.L.M.","E.L.M. de Valles de Valdavia","No","No",102.18208880541
"554",34190,"Valderrábano",3403,"SALDAÑA-VALDAVIA","Cotarro y Matalasmonjas","E.L.M.","E.L.M. de Villasur","Sí","Sí",1.94843886876688
"555",34190,"Valderrábano",3403,"SALDAÑA-VALDAVIA","Valdebellabute","E.L.M.","E.L.M. de Membrillar","Sí","Sí",1.81346131645348
"556",34190,"Valderrábano",3403,"SALDAÑA-VALDAVIA","Rodiles","Ayto.","Ayto. de Buenavista de Valdavia","No","No",3.25487223364899
"557",34190,"Valderrábano",3403,"SALDAÑA-VALDAVIA","Valdelar","E.L.M.","E.L.M. de Valles de Valdavia","No","No",95.1428408438973
"558",34192,"Valde-Ucieza",3402,"CAMPOS",NA,NA,NA,NA,NA,NA
"559",34199,"Velilla del Río Carrión",3405,"GUARDO","Valdesalce y la Serna","Ayto.","Ayto. de Velilla del Río Carrión","No","No",634.046801474655
"560",34199,"Velilla del Río Carrión",3405,"GUARDO","Peña Espigüete","Ayto.","Ayto. de Velilla del Río Carrión","No","No",219.706564413143
"561",34199,"Velilla del Río Carrión",3405,"GUARDO","Valdopila","Ayto.","Ayto. de Velilla del Río Carrión","No","No",182.483730293101
"562",34199,"Velilla del Río Carrión",3405,"GUARDO","Puerto La Peña y Cárcabas","E.L.M.","E.L.M. de Triollo","No","No",2.06438310335112
"563",34199,"Velilla del Río Carrión",3405,"GUARDO","La Dehesa","Ayto.","Ayto. de Velilla del Río Carrión","No","No",116.532798303052
"564",34199,"Velilla del Río Carrión",3405,"GUARDO","Alto","Ayto.","Ayto. de Velilla del Río Carrión","No","No",235.446382403748
"565",34199,"Velilla del Río Carrión",3405,"GUARDO","El Hoyo","Ayto.","Ayto. de Velilla del Río Carrión","No","No",144.576386331228
"566",34199,"Velilla del Río Carrión",3405,"GUARDO","Hoyos","Ayto.","Ayto. de Velilla del Río Carrión","No","No",485.32323514321
"567",34199,"Velilla del Río Carrión",3405,"GUARDO","Fuente la Virgen, Campanario y Peña Mañana","E.L.M.","E.L.M. de Santibañez de la Peña","No","No",1.84619020180069
"568",34199,"Velilla del Río Carrión",3405,"GUARDO","Cuesta y Dehesa","Ayto.","Ayto. de Velilla del Río Carrión","No","No",138.130706094795
"569",34199,"Velilla del Río Carrión",3405,"GUARDO","Majadilla y Solana","Ayto.","Ayto. de Velilla del Río Carrión","Sí","Sí",232.890834795161
"570",34199,"Velilla del Río Carrión",3405,"GUARDO","Campana del Horno, Campana Cortina y Campana la Llana","Ayto.","Ayto. de Velilla del Río Carrión","No","No",1518.22488164278
"571",34199,"Velilla del Río Carrión",3405,"GUARDO","Tablas y Hoyanquinos","Ayto.","Ayto. de Velilla del Río Carrión","No","No",96.4576930240605
"572",34199,"Velilla del Río Carrión",3405,"GUARDO","Valdecastro","Ayto.","Ayto. de Guardo","Sí","Sí",5.7860858650595
"573",34199,"Velilla del Río Carrión",3405,"GUARDO","La Sierra","Ayto.","Ayto. de Velilla del Río Carrión","No","No",1143.50698256197
"574",34199,"Velilla del Río Carrión",3405,"GUARDO","Baldíos de Arbillos","Ayto.","Ayto. de Velilla del Río Carrión","Sí","No",498.558442468706
"575",34199,"Velilla del Río Carrión",3405,"GUARDO","Lamas de Albín","Ayto.","Ayto. de Velilla del Río Carrión","No","No",189.57824063545
"576",34199,"Velilla del Río Carrión",3405,"GUARDO","La Solana","Ayto.","Ayto. de Velilla del Río Carrión","No","No",127.863611287204
"577",34199,"Velilla del Río Carrión",3405,"GUARDO","Valderinas","Ayto.","Ayto. de Velilla del Río Carrión","No","No",376.338803683773
"578",34199,"Velilla del Río Carrión",3405,"GUARDO","Lameda de Albrica","Ayto.","Ayto. de Velilla del Río Carrión","No","No",198.682970772246
"579",34199,"Velilla del Río Carrión",3405,"GUARDO","Puerto de Valdenievas","E.L.M.","E.L.M. de Triollo","No","No",3.6173205023431
"580",34199,"Velilla del Río Carrión",3405,"GUARDO","Ojeda y Arrilla","Ayto.","Ayto. de Velilla del Río Carrión","No","No",471.690860950345
"581",34199,"Velilla del Río Carrión",3405,"GUARDO","Dehesa de Lamas","Ayto.","Ayto. de Velilla del Río Carrión","No","No",318.876924000755
"582",34199,"Velilla del Río Carrión",3405,"GUARDO","Valdehaya","Ayto.","Ayto. de Velilla del Río Carrión","Sí","Sí",448.004350692666
"583",34199,"Velilla del Río Carrión",3405,"GUARDO","La Peñilla","Ayto.","Ayto. de Velilla del Río Carrión","No","No",174.417709223286
"584",34199,"Velilla del Río Carrión",3405,"GUARDO","Hontanares","Ayto.","Ayto. de Velilla del Río Carrión","No","No",41.678242787766
"585",34199,"Velilla del Río Carrión",3405,"GUARDO","Corcos y agregados","Ayto.","Ayto. de Guardo","Sí","Sí",39.9281262583306
"586",34199,"Velilla del Río Carrión",3405,"GUARDO","Curianes","Ayto.","Ayto. de Velilla del Río Carrión","No","No",316.173233651037
"587",34199,"Velilla del Río Carrión",3405,"GUARDO","Edillo","Ayto.","Ayto. de Velilla del Río Carrión","No","No",621.162031014335
"588",34199,"Velilla del Río Carrión",3405,"GUARDO","Vaqueril","Ayto.","Ayto. de Velilla del Río Carrión","No","No",115.163110980017
"589",34199,"Velilla del Río Carrión",3405,"GUARDO","Calar","Ayto.","Ayto. de Velilla del Río Carrión","No","No",325.151956193295
"590",34199,"Velilla del Río Carrión",3405,"GUARDO","Puerto Valdenievas","E.L.M.","E.L.M. de Vidrieros","No","No",6.61922250018459
"591",34199,"Velilla del Río Carrión",3405,"GUARDO","Rontanares","Ayto.","Ayto. de Velilla del Río Carrión","No","No",178.368192008114
"592",34199,"Velilla del Río Carrión",3405,"GUARDO","Valdecerezo","Ayto.","Ayto. de Velilla del Río Carrión","No","No",93.9595879176542
"593",34199,"Velilla del Río Carrión",3405,"GUARDO","Cueto Palomo y Hornalejo","Ayto.","Ayto. de Velilla del Río Carrión","No","No",829.759637676206
"594",34199,"Velilla del Río Carrión",3405,"GUARDO","Dehesa las Duernas y Valdesalce","E.L.M.","E.L.M. de Triollo","No","No",3.44052598316893
"595",34199,"Velilla del Río Carrión",3405,"GUARDO","Los Lanchares","Ayto.","Ayto. de Velilla del Río Carrión","Sí","Sí",231.368374130108
"596",34199,"Velilla del Río Carrión",3405,"GUARDO","Peña Mayor","Ayto.","Ayto. de Velilla del Río Carrión","Sí","No",640.332490463159
"597",34199,"Velilla del Río Carrión",3405,"GUARDO","El Pinar","Ayto.","Ayto. de Velilla del Río Carrión","Sí","No",249.516722687731
"598",34199,"Velilla del Río Carrión",3405,"GUARDO","Mazobre","Ayto.","Ayto. de Velilla del Río Carrión","No","No",789.15971938362
"599",34199,"Velilla del Río Carrión",3405,"GUARDO","Peña Mayor, Peña Rasgada, Peña Blanca y La Paradeja","Ayto.","Ayto. de Guardo","Sí","No",6.18072696784586
"600",34199,"Velilla del Río Carrión",3405,"GUARDO","Matasalcedo, Peña del Tejo y Samondas","Ayto.","Ayto. de Velilla del Río Carrión","No","No",310.729953468356
"601",34199,"Velilla del Río Carrión",3405,"GUARDO","La Mata","Ayto.","Ayto. de Velilla del Río Carrión","No","No",274.446147193704
"602",34199,"Velilla del Río Carrión",3405,"GUARDO","Canales","Ayto.","Ayto. de Velilla del Río Carrión","No","No",427.232146355669
"603",34199,"Velilla del Río Carrión",3405,"GUARDO","Valdelascasas","Ayto.","Ayto. de Velilla del Río Carrión","No","No",322.840926506661
"604",34199,"Velilla del Río Carrión",3405,"GUARDO","Alambral","Ayto.","Ayto. de Velilla del Río Carrión","No","No",136.684814327775
"605",34199,"Velilla del Río Carrión",3405,"GUARDO","Peña Lampas","Ayto.","Ayto. de Velilla del Río Carrión","Sí","Sí",538.766835442574
"606",34202,"Villabasta de Valdavia",3403,"SALDAÑA-VALDAVIA","Alto","E.L.M.","E.L.M. de Valles de Valdavia","No","No",5.42023382542848
"607",34202,"Villabasta de Valdavia",3403,"SALDAÑA-VALDAVIA","Paramillo y Monte de Arriba","E.L.M.","E.L.M. de Vega de Doña Olimpa","Sí","Sí",3.67515988762751
"608",34202,"Villabasta de Valdavia",3403,"SALDAÑA-VALDAVIA","Juncares, Poleares y Cuesta","Ayto.","Ayto. de Villabasta de Valdavia","No","No",424.498004586994
"609",34208,"Villaeles de Valdavia",3403,"SALDAÑA-VALDAVIA","Gallillo","E.L.M.","E.L.M. de Collazos de Boedo","Sí","Sí",1.97525710013285
"610",34208,"Villaeles de Valdavia",3403,"SALDAÑA-VALDAVIA","Montecillo, Páramo y Cuesta","E.L.M.","E.L.M. de Arenillas de San Pelayo","Sí","Sí",16.7602697415205
"611",34208,"Villaeles de Valdavia",3403,"SALDAÑA-VALDAVIA","Bostal y Albarizas","Ayto.","Ayto. de Villaeles de Valdavia","Sí","Sí",1311.99692836288
"612",34208,"Villaeles de Valdavia",3403,"SALDAÑA-VALDAVIA","Riberas del Río Valdavia en Villaeles de Valdavia","C.A.","C.A. de Castiilla y León","Sí","No",31.6600108388785
"613",34211,"Villaherreros",3402,"CAMPOS","Riberas del Río Valdavia en Fuente Andrino","C.A.","C.A. de Castiilla y León","Sí","No",10.5863583775364
"614",34214,"Villalba de Guardo",3405,"GUARDO","Pedrosillo","Ayto.","Ayto. de Guardo","No","No",1.04570746071115
"615",34214,"Villalba de Guardo",3405,"GUARDO","Majadilla","Ayto.","Ayto. de Villalba de Guardo","No","No",142.412949503702
"616",34214,"Villalba de Guardo",3405,"GUARDO","Páramo","E.L.M.","E.L.M. de Cornon de la Peña","No","No",1.01665294232571
"617",34214,"Villalba de Guardo",3405,"GUARDO","Pentinela y Valdemorata","E.L.M.","E.L.M. de Fontecha","Sí","Sí",6.63374302651929
"618",34214,"Villalba de Guardo",3405,"GUARDO","Páramo de la Mimbre","Ayto.","Ayto. de Mantinos","No","No",2.54899444882399
"619",34214,"Villalba de Guardo",3405,"GUARDO","Flecha y Majada de San Juan","Ayto.","Ayto. de Mantinos","No","No",5.1239807538321
"620",34214,"Villalba de Guardo",3405,"GUARDO","Cuestona, Majadilla y otros","Ayto.","Ayto. de Mantinos","Sí","Sí",1.06669775361903
"621",34214,"Villalba de Guardo",3405,"GUARDO","El Soto","Ayto.","Ayto. de Fresno del Río","Sí","Sí",1.80267075919569
"622",34214,"Villalba de Guardo",3405,"GUARDO","Páramo del Otro Lado","Ayto.","Ayto. de Villalba de Guardo","No","No",1944.44884798616
"623",34214,"Villalba de Guardo",3405,"GUARDO","Camporredondo","Entidad Asociativa","E.L.M. de Villanueva de Arriba, E.L.M. de Villaoliva de la Peña","No","No",3.62894533993347
"624",34215,"Villalcázar de Sirga",3402,"CAMPOS",NA,NA,NA,NA,NA,NA
"625",34218,"Villaluenga de la Vega",3403,"SALDAÑA-VALDAVIA",NA,NA,NA,NA,NA,NA
"626",34222,"Villameriel",3403,"SALDAÑA-VALDAVIA","El Monte","E.L.M.","E.L.M. de Villameriel","Sí","Sí",694.679423327721
"627",34222,"Villameriel",3403,"SALDAÑA-VALDAVIA","Bayala y agregados","Ayto.","Ayto. de Villaprovedo","Sí","Sí",6.76969089103781
"628",34222,"Villameriel",3403,"SALDAÑA-VALDAVIA","Bostal y Albarizas","Ayto.","Ayto. de Villaeles de Valdavia","Sí","Sí",2.56717411227919
"629",34222,"Villameriel",3403,"SALDAÑA-VALDAVIA","Valdelaguna","E.L.M.","E.L.M. de Villorquite de Herrera","No","No",221.782672765372
"630",34222,"Villameriel",3403,"SALDAÑA-VALDAVIA","Carrecastrillo","E.L.M.","E.L.M. de Villorquite de Herrera","No","No",99.4930167107071
"631",34222,"Villameriel",3403,"SALDAÑA-VALDAVIA","Arriba","E.L.M.","E.L.M. de Santa Cruz del Monte","No","No",130.647747067755
"632",34222,"Villameriel",3403,"SALDAÑA-VALDAVIA","Vallespinoso y Valdelaguna","E.L.M.","E.L.M. de Villameriel","Sí","Sí",488.298451963419
"633",34222,"Villameriel",3403,"SALDAÑA-VALDAVIA","Fermosilla","E.L.M.","E.L.M. de Cembrero","No","No",346.205990496192
"634",34222,"Villameriel",3403,"SALDAÑA-VALDAVIA","Mayor y Rebollo","Ayto.","Ayto. de Calahorra de Boedo","Sí","Sí",1.05498865553712
"635",34222,"Villameriel",3403,"SALDAÑA-VALDAVIA","Corral y Agregados","E.L.M.","E.L.M. de San Martin del Monte","Sí","Sí",810.383109685566
"636",34222,"Villameriel",3403,"SALDAÑA-VALDAVIA","Páramo y Majada","Ayto.","Ayto. de Villasila de Valdavia","Sí","Sí",2.91552896505612
"637",34222,"Villameriel",3403,"SALDAÑA-VALDAVIA","Gallillo","Ayto.","Ayto. de Sotobañado Y Priorato","Sí","Sí",18.1801193483132
"638",34223,"Villamoronta",3403,"SALDAÑA-VALDAVIA",NA,NA,NA,NA,NA,NA
"639",34228,"Villanuño de Valdavia",3403,"SALDAÑA-VALDAVIA","Las Cuestas","Ayto.","Ayto. de Villasila de Valdavia","Sí","Sí",1.45791178899015
"640",34228,"Villanuño de Valdavia",3403,"SALDAÑA-VALDAVIA","Arriba","Ayto.","Ayto. de Villanuño de Valdavia","Sí","Sí",656.447011435218
"641",34228,"Villanuño de Valdavia",3403,"SALDAÑA-VALDAVIA","Corral y Agregados","E.L.M.","E.L.M. de San Martin del Monte","Sí","Sí",1.9906351995885
"642",34228,"Villanuño de Valdavia",3403,"SALDAÑA-VALDAVIA","El Rey","E.L.M.","E.L.M. de Itero Seco","Sí","Sí",1.03920955649896
"643",34228,"Villanuño de Valdavia",3403,"SALDAÑA-VALDAVIA","Riberas del Río Valdavia en Villanuño de Valdavia","C.A.","C.A. de Castiilla y León","Sí","No",21.4217210364915
"644",34228,"Villanuño de Valdavia",3403,"SALDAÑA-VALDAVIA","Vallespinoso y Valdelaguna","E.L.M.","E.L.M. de Villameriel","Sí","Sí",1.24191295921462
"645",34228,"Villanuño de Valdavia",3403,"SALDAÑA-VALDAVIA","Concejo","Ayto.","Ayto. de Bárcena de Campos","No","No",2.31200472846916
"646",34228,"Villanuño de Valdavia",3403,"SALDAÑA-VALDAVIA","Arriba","E.L.M.","E.L.M. de Arenillas de Nuño Perez","Sí","Sí",688.385987335637
"647",34228,"Villanuño de Valdavia",3403,"SALDAÑA-VALDAVIA","Duque","Entidad Asociativa","E.L.M. de Santa Cruz del Monte,Ayto. de Bárcena de Campos","Sí","Sí",5.48387564217001
"648",34228,"Villanuño de Valdavia",3403,"SALDAÑA-VALDAVIA","Riberas del Río Valdavia en Arenillas de Nuño Pérez","C.A.","C.A. de Castiilla y León","Sí","No",20.6296438947357
"649",34228,"Villanuño de Valdavia",3403,"SALDAÑA-VALDAVIA","Páramo y Majada","Ayto.","Ayto. de Villasila de Valdavia","Sí","Sí",1.71337433532933
"650",34229,"Villaprovedo",3404,"BOEDO-OJEDA","El Monte","E.L.M.","E.L.M. de Villameriel","Sí","Sí",2.15474926070338
"651",34229,"Villaprovedo",3404,"BOEDO-OJEDA","Bayala","Ayto.","Ayto. de Espinosa de Villagonzalo","Sí","Sí",2.17268394279256
"652",34229,"Villaprovedo",3404,"BOEDO-OJEDA","Valdelaguna","E.L.M.","E.L.M. de Villorquite de Herrera","No","No",2.14157271234076
"653",34229,"Villaprovedo",3404,"BOEDO-OJEDA","Grande, Montecillo, y Velasco","E.L.M.","E.L.M. de Santa Cruz de Boedo","Sí","Sí",10.2776518617655
"654",34229,"Villaprovedo",3404,"BOEDO-OJEDA","Bayala y agregados","Ayto.","Ayto. de Villaprovedo","Sí","Sí",1011.32097554774
"655",34230,"Villarmentero de Campos",3402,"CAMPOS",NA,NA,NA,NA,NA,NA
"656",34231,"Villarrabé",3403,"SALDAÑA-VALDAVIA","Matasahagún y Valdeseñor","Aytos.","Ayto. de Bustillo del Páramo de Carrión y Ayto. de Villamoronta","No","No",1.58702030733982
"657",34231,"Villarrabé",3403,"SALDAÑA-VALDAVIA","El Montón","E.L.M.","E.L.M. de Villarrobejo","No","No",1.5588851983076
"658",34231,"Villarrabé",3403,"SALDAÑA-VALDAVIA","El Hoyo","E.L.M.","E.L.M. de Villarrabe","No","No",126.147156414901
"659",34231,"Villarrabé",3403,"SALDAÑA-VALDAVIA","Matajoara","C.A.","C.A. de Castiilla y León","Sí","Sí",129.316501081668
"660",34231,"Villarrabé",3403,"SALDAÑA-VALDAVIA","El Hoyo","E.L.M.","E.L.M. de Villambroz","No","No",400.850771460767
"661",34233,"Villasarracino",3402,"CAMPOS",NA,NA,NA,NA,NA,NA
"662",34234,"Villasila de Valdavia",3403,"SALDAÑA-VALDAVIA","Las Cuestas","Ayto.","Ayto. de Villasila de Valdavia","Sí","Sí",411.533653124881
"663",34234,"Villasila de Valdavia",3403,"SALDAÑA-VALDAVIA","Arriba","E.L.M.","E.L.M. de Arenillas de Nuño Perez","Sí","Sí",12.2415339010647
"664",34234,"Villasila de Valdavia",3403,"SALDAÑA-VALDAVIA","Bostal y Albarizas","Ayto.","Ayto. de Villaeles de Valdavia","Sí","Sí",4.5095530615359
"665",34234,"Villasila de Valdavia",3403,"SALDAÑA-VALDAVIA","Corral y Agregados","E.L.M.","E.L.M. de San Martin del Monte","Sí","Sí",10.2395459395484
"666",34234,"Villasila de Valdavia",3403,"SALDAÑA-VALDAVIA","Riberas del Río Valdavia en Villasila de Valdavia","C.A.","C.A. de Castiilla y León","Sí","No",34.3299952693772
"667",34234,"Villasila de Valdavia",3403,"SALDAÑA-VALDAVIA","Páramo y Majada","Ayto.","Ayto. de Villasila de Valdavia","Sí","Sí",1438.05360624014
"668",34236,"Villaturde",3402,"CAMPOS",NA,NA,NA,NA,NA,NA
"669",34245,"Villota del Páramo",3403,"SALDAÑA-VALDAVIA","Muelle del Rebollo","E.L.M.","E.L.M. de San Andres de la Regla","No","No",678.813584838412
"670",34245,"Villota del Páramo",3403,"SALDAÑA-VALDAVIA","Cerra de San Andrés","E.L.M.","E.L.M. de San Andres de la Regla","No","No",5.15806873049891
"671",34245,"Villota del Páramo",3403,"SALDAÑA-VALDAVIA","La Mata","Ayto.","Ayto. de Villota del Páramo","No","No",186.676888244325
"672",34245,"Villota del Páramo",3403,"SALDAÑA-VALDAVIA","Valdecastro","E.L.M.","E.L.M. de Acera de la Vega","No","No",557.846458018137
"673",34245,"Villota del Páramo",3403,"SALDAÑA-VALDAVIA","Majadilla","E.L.M.","E.L.M. de Villosilla de la Vega","Sí","No",163.902388450161
"674",34245,"Villota del Páramo",3403,"SALDAÑA-VALDAVIA","Páramo del Oeste","E.L.M.","E.L.M. de Pino del Rio","No","No",1.23584112154767
"675",34245,"Villota del Páramo",3403,"SALDAÑA-VALDAVIA","Cerra de San Andrés","E.L.M.","E.L.M. de San Andres de la Regla","No","No",125.896222829586
"676",34245,"Villota del Páramo",3403,"SALDAÑA-VALDAVIA","El Berral y otros","E.L.M.","E.L.M. de Celadilla del Rio","Sí","Sí",27.1337737859403
"677",34245,"Villota del Páramo",3403,"SALDAÑA-VALDAVIA","Páramo, Raigada y Sotillo","E.L.M.","E.L.M. de San Andres de la Regla","No","No",347.069148446328
"678",34245,"Villota del Páramo",3403,"SALDAÑA-VALDAVIA","La Cerra","Ayto.","Ayto. de Villota del Páramo","Sí","Sí",954.637286565347
"679",34245,"Villota del Páramo",3403,"SALDAÑA-VALDAVIA","Modorro","E.L.M.","E.L.M. de Acera de la Vega","No","No",1041.23905782703
"680",34245,"Villota del Páramo",3403,"SALDAÑA-VALDAVIA","El Corco","C.A.","C.A. de Castiilla y León","Sí","Sí",426.155756257671
"681",34246,"Villovieco",3402,"CAMPOS",NA,NA,NA,NA,NA,NA
"682",34901,"Osorno la Mayor",3402,"CAMPOS","Bayala","Ayto.","Ayto. de Espinosa de Villagonzalo","Sí","Sí",2.71749905294888
"683",34901,"Osorno la Mayor",3402,"CAMPOS","San Zornil","E.L.M.","E.L.M. de Olmos de Pisuerga","Sí","Sí",1.16190114193037
"684",34901,"Osorno la Mayor",3402,"CAMPOS","Riberas del Río Valdavia en Osorno","C.A.","C.A. de Castiilla y León","Sí","No",42.4113089175472
"685",34901,"Osorno la Mayor",3402,"CAMPOS","Fuente María","Ayto.","Ayto. de Espinosa de Villagonzalo","Sí","Sí",3.9701629524645
"686",34901,"Osorno la Mayor",3402,"CAMPOS","El Otero","Ayto.","Ayto. de Osorno La Mayor","Sí","Sí",226.975178147817
"687",34903,"Loma de Ucieza",3402,"CAMPOS","Paramillo y Monte de Arriba","E.L.M.","E.L.M. de Vega de Doña Olimpa","Sí","Sí",6.38107858299246
"688",34903,"Loma de Ucieza",3402,"CAMPOS","Las Cuestas","Ayto.","Ayto. de Villasila de Valdavia","Sí","Sí",5.73647735620738
"689",34903,"Loma de Ucieza",3402,"CAMPOS","El Rey","E.L.M.","E.L.M. de Itero Seco","Sí","Sí",388.951828710762
"690",34903,"Loma de Ucieza",3402,"CAMPOS","Morcorio","E.L.M.","E.L.M. de Villota del Duque","Sí","Sí",657.347185655899
